drug_smiles,wt_target_key,mut_target_key,base_gene,wt_affinity,mut_affinity,delta_affinity,higher_target,wt_idx,mut_idx,pair_split,pair_type,pair_label,pair_base_weight
Cn1cnc2c(F)c(Nc3ccc(Br)cc3Cl)c(C(=O)NOCCO)cc21,EGFR(T790M),EGFR,EGFR,5.657577319177793,5.154901959985743,0.5026753591920503,mut,6051,14264,train,wt_mut,cliff,1.0
Cn1cnc2c(F)c(Nc3ccc(Br)cc3Cl)c(C(=O)NOCCO)cc21,EGFR(G719C),EGFR,EGFR,5.376750709602099,5.154901959985743,0.22184874961635614,mut,9943,14264,train,wt_mut,near_cliff,0.5
CS(=O)(=O)CCNCc1ccc(-c2ccc3ncnc(Nc4ccc(OCc5cccc(F)c5)c(Cl)c4)c3c2)o1,EGFR,EGFR(T790M),EGFR,8.619788758288394,6.0655015487564325,2.554287209531961,wt,13606,47,train,wt_mut,cliff,1.0
CS(=O)(=O)CCNCc1ccc(-c2ccc3ncnc(Nc4ccc(OCc5cccc(F)c5)c(Cl)c4)c3c2)o1,EGFR(G719C),EGFR,EGFR,9.036212172654444,8.619788758288394,0.4164234143660508,mut,12548,13606,train,wt_mut,near_cliff,0.5
CS(=O)(=O)CCNCc1ccc(-c2ccc3ncnc(Nc4ccc(OCc5cccc(F)c5)c(Cl)c4)c3c2)o1,EGFR(L861Q),EGFR,EGFR,8.920818753952375,8.619788758288394,0.30102999566398125,mut,22562,13606,train,wt_mut,near_cliff,0.5
Cc1nc(Nc2ncc(C(=O)Nc3c(C)cccc3Cl)s2)cc(N2CCN(CCO)CC2)n1,EGFR,EGFR(T790M),EGFR,6.920818753952375,5.638272163982407,1.282546589969968,wt,11028,12534,train,wt_mut,cliff,1.0
CC(C)N1NC(=C2C=c3cc(O)ccc3=N2)c2c(N)ncnc21,EGFR,EGFR(G719C),EGFR,5.619788758288394,5.4089353929735005,0.21085336531489318,wt,17134,14773,train,wt_mut,near_cliff,0.5
CC(C)N1NC(=C2C=c3cc(O)ccc3=N2)c2c(N)ncnc21,EGFR(L861Q),EGFR,EGFR,5.853871964321762,5.619788758288394,0.23408320603336819,mut,20433,17134,train,wt_mut,near_cliff,0.5
CC(C)N1NC(=C2C=c3cc(O)ccc3=N2)c2c(N)ncnc21,EGFR(L858R),EGFR,EGFR,6.0,5.619788758288394,0.38021124171160636,mut,23186,17134,train,wt_mut,near_cliff,0.5
Cc1ccc(Nc2nccc(N(C)c3ccc4c(C)n(C)nc4c3)n2)cc1S(N)(=O)=O,KIT,KIT(D816V),KIT,8.55284196865778,6.301029995663981,2.2518119729937993,wt,4392,3560,train,wt_mut,cliff,1.0
Cc1ccc(Nc2nccc(N(C)c3ccc4c(C)n(C)nc4c3)n2)cc1S(N)(=O)=O,KIT,KIT(D816H),KIT,8.55284196865778,6.0,2.5528419686577806,wt,4392,5685,train,wt_mut,cliff,1.0
Cc1ccc(Nc2nccc(N(C)c3ccc4c(C)n(C)nc4c3)n2)cc1S(N)(=O)=O,KIT,KIT(A829P),KIT,8.55284196865778,7.481486060122113,1.0713559085356676,wt,4392,9708,train,wt_mut,cliff,1.0
Cc1[nH]c(C=C2C(=O)Nc3ccc(F)cc32)c(C)c1C(=O)NCC(O)CN1CCOCC1,ABL1,ABL1(F317L),ABL1,6.036212172654444,5.481486060122113,0.5547261125323315,wt,3151,86,train,wt_mut,cliff,1.0
Cc1[nH]c(C=C2C(=O)Nc3ccc(F)cc32)c(C)c1C(=O)NCC(O)CN1CCOCC1,ABL1(T315I)p,ABL1,ABL1,6.795880017344075,6.036212172654444,0.7596678446896306,mut,238,3151,train,wt_mut,cliff,1.0
Cc1[nH]c(C=C2C(=O)Nc3ccc(F)cc32)c(C)c1C(=O)NCC(O)CN1CCOCC1,ABL1(H396P)p,ABL1,ABL1,6.251811972993799,6.036212172654444,0.21559980033935489,mut,1596,3151,train,wt_mut,near_cliff,0.5
Cc1[nH]c(C=C2C(=O)Nc3ccc(F)cc32)c(C)c1C(=O)NCC(O)CN1CCOCC1,ABL1(H396P),ABL1,ABL1,6.619788758288394,6.036212172654444,0.5835765856339492,mut,3247,3151,train,wt_mut,cliff,1.0
Cc1[nH]c(C=C2C(=O)Nc3ccc(F)cc32)c(C)c1C(=O)NCC(O)CN1CCOCC1,ABL1(Y253F),ABL1,ABL1,6.236572006437063,6.036212172654444,0.20035983378261868,mut,6431,3151,train,wt_mut,near_cliff,0.5
Cc1[nH]c(C=C2C(=O)Nc3ccc(F)cc32)c(C)c1C(=O)NCC(O)CN1CCOCC1,ABL1(E255K),ABL1,ABL1,6.508638306165727,6.036212172654444,0.4724261335112825,mut,9671,3151,train,wt_mut,near_cliff,0.5
Cc1[nH]c(C=C2C(=O)Nc3ccc(F)cc32)c(C)c1C(=O)NCC(O)CN1CCOCC1,ABL1,ABL1(F317I)p,ABL1,6.036212172654444,5.619788758288394,0.4164234143660508,wt,3151,10672,train,wt_mut,near_cliff,0.5
Cc1[nH]c(C=C2C(=O)Nc3ccc(F)cc32)c(C)c1C(=O)NCC(O)CN1CCOCC1,ABL1(M351T),ABL1,ABL1,6.301029995663981,6.036212172654444,0.2648178230095368,mut,12210,3151,train,wt_mut,near_cliff,0.5
Cc1[nH]c(C=C2C(=O)Nc3ccc(F)cc32)c(C)c1C(=O)NCC(O)CN1CCOCC1,ABL1(T315I),ABL1,ABL1,6.657577319177793,6.036212172654444,0.621365146523349,mut,18631,3151,train,wt_mut,cliff,1.0
Cc1[nH]c(C=C2C(=O)Nc3ccc(F)cc32)c(C)c1C(=O)NCC(O)CN1CCOCC1,ABL1(Q252H)p,ABL1,ABL1,6.301029995663981,6.036212172654444,0.2648178230095368,mut,20875,3151,train,wt_mut,near_cliff,0.5
Cc1[nH]c(C=C2C(=O)Nc3ccc(F)cc32)c(C)c1C(=O)NCC(O)CN1CCOCC1,ABL1,ABL1(F317I),ABL1,6.036212172654444,5.468521082957745,0.5676910896966998,wt,3151,23578,train,wt_mut,cliff,1.0
Cn1c(Nc2ccc(C(F)(F)F)cc2)nc2cc(Oc3ccnc(-c4ncc(C(F)(F)F)[nH]4)c3)ccc21,RET(M918T),RET,RET,7.142667503568732,6.823908740944319,0.31875876262441327,mut,93,13570,train,wt_mut,near_cliff,0.5
Cn1c(Nc2ccc(C(F)(F)F)cc2)nc2cc(Oc3ccnc(-c4ncc(C(F)(F)F)[nH]4)c3)ccc21,RET(V804M),RET,RET,7.050609993355087,6.823908740944319,0.2267012524107681,mut,715,13570,train,wt_mut,near_cliff,0.5
Cn1c(Nc2ccc(C(F)(F)F)cc2)nc2cc(Oc3ccnc(-c4ncc(C(F)(F)F)[nH]4)c3)ccc21,RET,RET(V804L),RET,6.823908740944319,6.494850021680094,0.3290587192642249,wt,13570,12697,train,wt_mut,near_cliff,0.5
Cn1cc(-c2ccc3nnc(Sc4ccc5ncccc5c4)n3n2)cn1,ABL1(H396P),ABL1,ABL1,5.468521082957745,5.0,0.46852108295774464,mut,11567,7453,train,wt_mut,near_cliff,0.5
Cc1cn(-c2cc(NC(=O)c3ccc(C)c(Nc4nccc(-c5cccnc5)n4)c3)cc(C(F)(F)F)c2)cn1,KIT,KIT(D816H),KIT,7.5376020021010435,6.267606240177032,1.2699957619240116,wt,6096,7443,train,wt_mut,cliff,1.0
Cc1cn(-c2cc(NC(=O)c3ccc(C)c(Nc4nccc(-c5cccnc5)n4)c3)cc(C(F)(F)F)c2)cn1,KIT,KIT(A829P),KIT,7.5376020021010435,7.337242168318426,0.2003598337826178,wt,6096,7684,train,wt_mut,near_cliff,0.5
Cc1cn(-c2cc(NC(=O)c3ccc(C)c(Nc4nccc(-c5cccnc5)n4)c3)cc(C(F)(F)F)c2)cn1,KIT,KIT(V559D),KIT,7.5376020021010435,7.337242168318426,0.2003598337826178,wt,6096,12593,train,wt_mut,near_cliff,0.5
Cc1cn(-c2cc(NC(=O)c3ccc(C)c(Nc4nccc(-c5cccnc5)n4)c3)cc(C(F)(F)F)c2)cn1,KIT,KIT(D816V),KIT,7.5376020021010435,6.113509274827518,1.4240927272735258,wt,6096,23987,train,wt_mut,cliff,1.0
COc1cc(Nc2ncc(F)c(Nc3ccc4c(n3)NC(=O)C(C)(C)O4)n2)cc(OC)c1OC.O=S(=O)(O)c1ccccc1,EGFR,EGFR(G719S),EGFR,6.522878745280337,5.0,1.5228787452803374,wt,2488,1415,train,wt_mut,cliff,1.0
COc1cc(Nc2ncc(F)c(Nc3ccc4c(n3)NC(=O)C(C)(C)O4)n2)cc(OC)c1OC.O=S(=O)(O)c1ccccc1,EGFR(T790M),EGFR,EGFR,7.142667503568732,6.522878745280337,0.6197887582883945,mut,7277,2488,train,wt_mut,cliff,1.0
COc1cc(Nc2ncc(F)c(Nc3ccc4c(n3)NC(=O)C(C)(C)O4)n2)cc(OC)c1OC.O=S(=O)(O)c1ccccc1,EGFR,EGFR(G719C),EGFR,6.522878745280337,5.0,1.5228787452803374,wt,2488,14337,train,wt_mut,cliff,1.0
CC(C)(C)c1cc(NC(=O)Nc2ccc(-c3cn4c(n3)sc3cc(OCCN5CCOCC5)ccc34)cc2)no1,ABL1(T315I),ABL1,ABL1,5.585026652029182,5.0,0.5850266520291818,mut,12537,22529,train,wt_mut,cliff,1.0
Cc1ccc(Nc2nccc(N(C)c3ccc4c(C)n(C)nc4c3)n2)cc1S(N)(=O)=O,ABL1,ABL1(F317I),ABL1,6.2076083105017466,5.0,1.2076083105017466,wt,14377,668,train,wt_mut,cliff,1.0
Cc1ccc(Nc2nccc(N(C)c3ccc4c(C)n(C)nc4c3)n2)cc1S(N)(=O)=O,ABL1(H396P),ABL1,ABL1,6.42021640338319,6.2076083105017466,0.21260809288144333,mut,3875,14377,train,wt_mut,near_cliff,0.5
Cc1ccc(Nc2nccc(N(C)c3ccc4c(C)n(C)nc4c3)n2)cc1S(N)(=O)=O,ABL1,ABL1(T315I)p,ABL1,6.2076083105017466,5.6777807052660805,0.5298276052356661,wt,14377,5850,train,wt_mut,cliff,1.0
Cc1ccc(Nc2nccc(N(C)c3ccc4c(C)n(C)nc4c3)n2)cc1S(N)(=O)=O,ABL1,ABL1(T315I),ABL1,6.2076083105017466,5.42021640338319,0.7873919071185567,wt,14377,6601,train,wt_mut,cliff,1.0
Cc1ccc(Nc2nccc(N(C)c3ccc4c(C)n(C)nc4c3)n2)cc1S(N)(=O)=O,ABL1,ABL1(F317I)p,ABL1,6.2076083105017466,5.0,1.2076083105017466,wt,14377,10091,train,wt_mut,cliff,1.0
Cc1ccc(Nc2nccc(N(C)c3ccc4c(C)n(C)nc4c3)n2)cc1S(N)(=O)=O,ABL1,ABL1(F317L)p,ABL1,6.2076083105017466,5.568636235841013,0.6389720746607335,wt,14377,18879,train,wt_mut,cliff,1.0
Cc1ccc(Nc2nccc(N(C)c3ccc4c(C)n(C)nc4c3)n2)cc1S(N)(=O)=O,ABL1,ABL1(F317L),ABL1,6.2076083105017466,5.356547323513812,0.8510609869879344,wt,14377,23485,train,wt_mut,cliff,1.0
COc1cc(Nc2c(C#N)cnc3cc(OCCCN4CCN(C)CC4)c(OC)cc23)c(Cl)cc1Cl,KIT(D816H),KIT,KIT,6.7447274948966935,6.376750709602099,0.3679767852945943,mut,19548,189,train,wt_mut,near_cliff,0.5
COc1cc(Nc2c(C#N)cnc3cc(OCCCN4CCN(C)CC4)c(OC)cc23)c(Cl)cc1Cl,KIT(D816V),KIT,KIT,7.136677139879544,6.376750709602099,0.7599264302774449,mut,20804,189,train,wt_mut,cliff,1.0
CNC1CC2OC(C)(C1OC)n1c3ccccc3c3c4c(c5c6ccccc6n2c5c31)C(=O)NC4,ABL1(Q252H),ABL1,ABL1,7.67778070526608,7.431798275933005,0.24598242933307457,mut,207,17265,train,wt_mut,near_cliff,0.5
CNC1CC2OC(C)(C1OC)n1c3ccccc3c3c4c(c5c6ccccc6n2c5c31)C(=O)NC4,ABL1,ABL1(F317I),ABL1,7.431798275933005,6.259637310505756,1.1721609654272491,wt,17265,583,train,wt_mut,cliff,1.0
CNC1CC2OC(C)(C1OC)n1c3ccccc3c3c4c(c5c6ccccc6n2c5c31)C(=O)NC4,ABL1(T315I)p,ABL1,ABL1,8.537602002101044,7.431798275933005,1.1058037261680393,mut,2292,17265,train,wt_mut,cliff,1.0
CNC1CC2OC(C)(C1OC)n1c3ccccc3c3c4c(c5c6ccccc6n2c5c31)C(=O)NC4,ABL1(H396P),ABL1,ABL1,7.744727494896693,7.431798275933005,0.31292921896368764,mut,4824,17265,train,wt_mut,near_cliff,0.5
CNC1CC2OC(C)(C1OC)n1c3ccccc3c3c4c(c5c6ccccc6n2c5c31)C(=O)NC4,ABL1,ABL1(F317L),ABL1,7.431798275933005,6.769551078621726,0.6622471973112791,wt,17265,7557,train,wt_mut,cliff,1.0
CNC1CC2OC(C)(C1OC)n1c3ccccc3c3c4c(c5c6ccccc6n2c5c31)C(=O)NC4,ABL1,ABL1(F317I)p,ABL1,7.431798275933005,6.886056647693163,0.545741628239842,wt,17265,7995,train,wt_mut,cliff,1.0
CNC1CC2OC(C)(C1OC)n1c3ccccc3c3c4c(c5c6ccccc6n2c5c31)C(=O)NC4,ABL1(T315I),ABL1,ABL1,8.075720713938118,7.431798275933005,0.643922438005113,mut,9034,17265,train,wt_mut,cliff,1.0
CNC1CC2OC(C)(C1OC)n1c3ccccc3c3c4c(c5c6ccccc6n2c5c31)C(=O)NC4,ABL1(Q252H)p,ABL1,ABL1,7.958607314841775,7.431798275933005,0.5268090389087696,mut,11935,17265,train,wt_mut,cliff,1.0
CNC1CC2OC(C)(C1OC)n1c3ccccc3c3c4c(c5c6ccccc6n2c5c31)C(=O)NC4,ABL1(E255K),ABL1,ABL1,7.657577319177793,7.431798275933005,0.22577904324478837,mut,13736,17265,train,wt_mut,near_cliff,0.5
CNC1CC2OC(C)(C1OC)n1c3ccccc3c3c4c(c5c6ccccc6n2c5c31)C(=O)NC4,ABL1(Y253F),ABL1,ABL1,7.638272163982407,7.431798275933005,0.20647388804940192,mut,20085,17265,train,wt_mut,near_cliff,0.5
Cc1cc(Nc2cc(N3CCN(C)CC3)nc(Sc3ccc(NC(=O)C4CC4)cc3)n2)n[nH]1,ABL1,ABL1(F317I)p,ABL1,7.886056647693163,5.6777807052660805,2.2082759424270826,wt,17844,208,train,wt_mut,cliff,1.0
Cc1cc(Nc2cc(N3CCN(C)CC3)nc(Sc3ccc(NC(=O)C4CC4)cc3)n2)n[nH]1,ABL1(H396P)p,ABL1,ABL1,8.508638306165727,7.886056647693163,0.6225816584725639,mut,3366,17844,train,wt_mut,cliff,1.0
Cc1cc(Nc2cc(N3CCN(C)CC3)nc(Sc3ccc(NC(=O)C4CC4)cc3)n2)n[nH]1,ABL1(H396P),ABL1,ABL1,8.481486060122112,7.886056647693163,0.595429412428949,mut,5784,17844,train,wt_mut,cliff,1.0
Cc1cc(Nc2cc(N3CCN(C)CC3)nc(Sc3ccc(NC(=O)C4CC4)cc3)n2)n[nH]1,ABL1(Q252H),ABL1,ABL1,8.42021640338319,7.886056647693163,0.5341597556900268,mut,8260,17844,train,wt_mut,cliff,1.0
Cc1cc(Nc2cc(N3CCN(C)CC3)nc(Sc3ccc(NC(=O)C4CC4)cc3)n2)n[nH]1,ABL1,ABL1(F317L),ABL1,7.886056647693163,6.318758762624412,1.5672978850687507,wt,17844,9717,train,wt_mut,cliff,1.0
Cc1cc(Nc2cc(N3CCN(C)CC3)nc(Sc3ccc(NC(=O)C4CC4)cc3)n2)n[nH]1,ABL1,ABL1(F317L)p,ABL1,7.886056647693163,6.3979400086720375,1.4881166390211256,wt,17844,13525,train,wt_mut,cliff,1.0
Cc1cc(Nc2cc(N3CCN(C)CC3)nc(Sc3ccc(NC(=O)C4CC4)cc3)n2)n[nH]1,ABL1,ABL1(F317I),ABL1,7.886056647693163,5.142667503568732,2.743389144124431,wt,17844,17000,train,wt_mut,cliff,1.0
Cc1cc(Nc2cc(N3CCN(C)CC3)nc(Sc3ccc(NC(=O)C4CC4)cc3)n2)n[nH]1,ABL1(Y253F),ABL1,ABL1,8.10790539730952,7.886056647693163,0.22184874961635614,mut,18688,17844,train,wt_mut,near_cliff,0.5
Cc1cc(Nc2cc(N3CCN(C)CC3)nc(Sc3ccc(NC(=O)C4CC4)cc3)n2)n[nH]1,ABL1(E255K),ABL1,ABL1,8.522878745280337,7.886056647693163,0.6368220975871743,mut,20096,17844,train,wt_mut,cliff,1.0
Cc1cc(Nc2cc(N3CCN(C)CC3)nc(Sc3ccc(NC(=O)C4CC4)cc3)n2)n[nH]1,ABL1(M351T),ABL1,ABL1,8.275724130399212,7.886056647693163,0.3896674827060487,mut,20740,17844,train,wt_mut,near_cliff,0.5
Nc1nc(N)c2nc(-c3cccc(O)c3)c(-c3cccc(O)c3)nc2n1,ABL1(H396P)p,ABL1,ABL1,5.42021640338319,5.0,0.4202164033831899,mut,3121,3521,train,wt_mut,near_cliff,0.5
Nc1nc(N)c2nc(-c3cccc(O)c3)c(-c3cccc(O)c3)nc2n1,ABL1(T315I)p,ABL1,ABL1,6.050609993355088,5.0,1.0506099933550876,mut,19368,3521,train,wt_mut,cliff,1.0
Nc1nc(N)c2nc(-c3cccc(O)c3)c(-c3cccc(O)c3)nc2n1,ABL1(H396P),ABL1,ABL1,5.275724130399211,5.0,0.27572413039921084,mut,22977,3521,train,wt_mut,near_cliff,0.5
CN1CCN(C(=O)c2cc3cc(Cl)ccc3[nH]2)CC1,EGFR(T790M),EGFR,EGFR,5.958607314841775,5.0,0.9586073148417746,mut,5448,19652,train,wt_mut,cliff,1.0
Cc1ccc(-n2nc(C(C)(C)C)cc2NC(=O)Nc2ccc(OCCN3CCOCC3)c3ccccc23)cc1,KIT,KIT(D816V),KIT,6.769551078621726,5.0,1.769551078621726,wt,9693,244,train,wt_mut,cliff,1.0
Cc1ccc(-n2nc(C(C)(C)C)cc2NC(=O)Nc2ccc(OCCN3CCOCC3)c3ccccc23)cc1,KIT,KIT(D816H),KIT,6.769551078621726,5.0,1.769551078621726,wt,9693,6244,train,wt_mut,cliff,1.0
Cc1ccc(-n2nc(C(C)(C)C)cc2NC(=O)Nc2ccc(OCCN3CCOCC3)c3ccccc23)cc1,KIT,KIT(A829P),KIT,6.769551078621726,5.853871964321762,0.9156791142999641,wt,9693,11242,train,wt_mut,cliff,1.0
COc1cc2ncnc(Nc3ccc(F)c(Cl)c3)c2cc1OCCCN1CCOCC1,ABL1(Y253F),ABL1,ABL1,6.443697499232713,5.657577319177793,0.7861201800549198,mut,3953,18136,train,wt_mut,cliff,1.0
COc1cc2ncnc(Nc3ccc(F)c(Cl)c3)c2cc1OCCCN1CCOCC1,ABL1(Q252H)p,ABL1,ABL1,6.638272163982407,5.657577319177793,0.9806948448046136,mut,4814,18136,train,wt_mut,cliff,1.0
COc1cc2ncnc(Nc3ccc(F)c(Cl)c3)c2cc1OCCCN1CCOCC1,ABL1(F317L)p,ABL1,ABL1,6.107905397309519,5.657577319177793,0.4503280781317258,mut,6745,18136,train,wt_mut,near_cliff,0.5
COc1cc2ncnc(Nc3ccc(F)c(Cl)c3)c2cc1OCCCN1CCOCC1,ABL1(Q252H),ABL1,ABL1,5.958607314841775,5.657577319177793,0.30102999566398125,mut,8478,18136,train,wt_mut,near_cliff,0.5
COc1cc2ncnc(Nc3ccc(F)c(Cl)c3)c2cc1OCCCN1CCOCC1,ABL1,ABL1(F317I),ABL1,5.657577319177793,5.0,0.6575773191777934,wt,18136,15234,train,wt_mut,cliff,1.0
COc1cc2ncnc(Nc3ccc(F)c(Cl)c3)c2cc1OCCCN1CCOCC1,ABL1,ABL1(F317I)p,ABL1,5.657577319177793,5.327902142064283,0.32967517711351046,wt,18136,15357,train,wt_mut,near_cliff,0.5
COc1cc2ncnc(Nc3ccc(F)c(Cl)c3)c2cc1OCCCN1CCOCC1,ABL1(M351T),ABL1,ABL1,6.2839966563652006,5.657577319177793,0.6264193371874072,mut,15835,18136,train,wt_mut,cliff,1.0
COc1cc2ncnc(Nc3ccc(F)c(Cl)c3)c2cc1OCCCN1CCOCC1,ABL1(E255K),ABL1,ABL1,6.3979400086720375,5.657577319177793,0.7403626894942441,mut,16007,18136,train,wt_mut,cliff,1.0
COc1cc2ncnc(Nc3ccc(F)c(Cl)c3)c2cc1OCCCN1CCOCC1,ABL1,ABL1(T315I)p,ABL1,5.657577319177793,5.0,0.6575773191777934,wt,18136,20320,train,wt_mut,cliff,1.0
COc1cc2ncnc(Nc3ccc(F)c(Cl)c3)c2cc1OCCCN1CCOCC1,ABL1(H396P)p,ABL1,ABL1,6.337242168318426,5.657577319177793,0.6796648491406323,mut,21096,18136,train,wt_mut,cliff,1.0
COc1cc2ncnc(Nc3ccc(F)c(Cl)c3)c2cc1OCCCN1CCOCC1,ABL1,ABL1(T315I),ABL1,5.657577319177793,5.0,0.6575773191777934,wt,18136,22840,train,wt_mut,cliff,1.0
COc1cc2ncnc(Nc3ccc(F)c(Cl)c3)c2cc1OCCCN1CCOCC1,ABL1(H396P),ABL1,ABL1,6.167491087293763,5.657577319177793,0.50991376811597,mut,24061,18136,train,wt_mut,cliff,1.0
CCOc1cc2ncc(C#N)c(Nc3ccc(OCc4ccccn4)c(Cl)c3)c2cc1NC(=O)C=CCN(C)C,ABL1(Q252H)p,ABL1,ABL1,5.221848749616356,5.0,0.22184874961635614,mut,9468,9110,train,wt_mut,near_cliff,0.5
CC(C)N1NC(=C2C=c3cc(O)ccc3=N2)c2c(N)ncnc21,RET,RET(V804M),RET,8.318758762624412,6.468521082957745,1.8502376796666677,wt,19064,5520,train,wt_mut,cliff,1.0
CC(C)N1NC(=C2C=c3cc(O)ccc3=N2)c2c(N)ncnc21,RET,RET(V804L),RET,8.318758762624412,6.455931955649724,1.862826806974688,wt,19064,21910,train,wt_mut,cliff,1.0
CS(=O)c1ccc(-c2nc(-c3ccc(F)cc3)c(-c3ccncc3)[nH]2)cc1,ABL1(H396P)p,ABL1,ABL1,5.4089353929735005,5.0,0.40893539297350046,mut,9135,872,train,wt_mut,near_cliff,0.5
CS(=O)c1ccc(-c2nc(-c3ccc(F)cc3)c(-c3ccncc3)[nH]2)cc1,ABL1(H396P),ABL1,ABL1,5.585026652029182,5.0,0.5850266520291818,mut,22119,872,train,wt_mut,cliff,1.0
CC(Oc1cc(-c2cnn(C3CCNCC3)c2)cnc1N)c1c(Cl)ccc(F)c1Cl,ABL1(T315I),ABL1,ABL1,7.920818753952375,7.107905397309519,0.8129133566428557,mut,585,2173,train,wt_mut,cliff,1.0
CC(Oc1cc(-c2cnn(C3CCNCC3)c2)cnc1N)c1c(Cl)ccc(F)c1Cl,ABL1(T315I)p,ABL1,ABL1,8.0,7.107905397309519,0.8920946026904808,mut,4218,2173,train,wt_mut,cliff,1.0
CC(Oc1cc(-c2cnn(C3CCNCC3)c2)cnc1N)c1c(Cl)ccc(F)c1Cl,ABL1,ABL1(E255K),ABL1,7.107905397309519,6.769551078621726,0.3383543186877933,wt,2173,6768,train,wt_mut,near_cliff,0.5
CC(Oc1cc(-c2cnn(C3CCNCC3)c2)cnc1N)c1c(Cl)ccc(F)c1Cl,ABL1,ABL1(F317I)p,ABL1,7.107905397309519,5.494850021680094,1.6130553756294255,wt,2173,8147,train,wt_mut,cliff,1.0
CC(Oc1cc(-c2cnn(C3CCNCC3)c2)cnc1N)c1c(Cl)ccc(F)c1Cl,ABL1(H396P),ABL1,ABL1,7.481486060122113,7.107905397309519,0.3735806628125937,mut,8924,2173,train,wt_mut,near_cliff,0.5
CC(Oc1cc(-c2cnn(C3CCNCC3)c2)cnc1N)c1c(Cl)ccc(F)c1Cl,ABL1,ABL1(F317L)p,ABL1,7.107905397309519,6.229147988357856,0.878757408951663,wt,2173,15102,train,wt_mut,cliff,1.0
CC(Oc1cc(-c2cnn(C3CCNCC3)c2)cnc1N)c1c(Cl)ccc(F)c1Cl,ABL1,ABL1(F317L),ABL1,7.107905397309519,6.214670164989233,0.8932352323202863,wt,2173,15338,train,wt_mut,cliff,1.0
CC(Oc1cc(-c2cnn(C3CCNCC3)c2)cnc1N)c1c(Cl)ccc(F)c1Cl,ABL1,ABL1(F317I),ABL1,7.107905397309519,5.568636235841013,1.5392691614685061,wt,2173,22837,train,wt_mut,cliff,1.0
N#CCC(C1CCCC1)n1cc(-c2ncnc3[nH]ccc23)cn1.O=P(O)(O)O,LRRK2(G2019S),LRRK2,LRRK2,7.045757490560675,6.537602002101044,0.5081554884596304,mut,20493,315,train,wt_mut,cliff,1.0
COc1cc2c(Nc3ccc(Br)cc3F)ncnc2cc1OCC1CCN(C)CC1,ABL1(E255K),ABL1,ABL1,7.886056647693163,7.318758762624412,0.5672978850687507,mut,327,21693,train,wt_mut,cliff,1.0
COc1cc2c(Nc3ccc(Br)cc3F)ncnc2cc1OCC1CCN(C)CC1,ABL1,ABL1(F317I)p,ABL1,7.318758762624412,6.769551078621726,0.5492076840026865,wt,21693,843,train,wt_mut,cliff,1.0
COc1cc2c(Nc3ccc(Br)cc3F)ncnc2cc1OCC1CCN(C)CC1,ABL1,ABL1(F317I),ABL1,7.318758762624412,6.113509274827518,1.2052494877968947,wt,21693,1662,train,wt_mut,cliff,1.0
COc1cc2c(Nc3ccc(Br)cc3F)ncnc2cc1OCC1CCN(C)CC1,ABL1(M351T),ABL1,ABL1,7.823908740944319,7.318758762624412,0.5051499783199063,mut,1845,21693,train,wt_mut,cliff,1.0
COc1cc2c(Nc3ccc(Br)cc3F)ncnc2cc1OCC1CCN(C)CC1,ABL1,ABL1(T315I),ABL1,7.318758762624412,6.823908740944319,0.49485002168009373,wt,21693,5214,train,wt_mut,near_cliff,0.5
COc1cc2c(Nc3ccc(Br)cc3F)ncnc2cc1OCC1CCN(C)CC1,ABL1(Y253F),ABL1,ABL1,8.045757490560675,7.318758762624412,0.7269987279362624,mut,6033,21693,train,wt_mut,cliff,1.0
COc1cc2c(Nc3ccc(Br)cc3F)ncnc2cc1OCC1CCN(C)CC1,ABL1(H396P)p,ABL1,ABL1,7.853871964321762,7.318758762624412,0.5351132016973494,mut,6878,21693,train,wt_mut,cliff,1.0
COc1cc2c(Nc3ccc(Br)cc3F)ncnc2cc1OCC1CCN(C)CC1,ABL1(H396P),ABL1,ABL1,8.008773924307505,7.318758762624412,0.6900151616830925,mut,9721,21693,train,wt_mut,cliff,1.0
COc1cc2c(Nc3ccc(Br)cc3F)ncnc2cc1OCC1CCN(C)CC1,ABL1(Q252H),ABL1,ABL1,7.744727494896693,7.318758762624412,0.42596873227228027,mut,16434,21693,train,wt_mut,near_cliff,0.5
COc1cc2c(Nc3ccc(Br)cc3F)ncnc2cc1OCC1CCN(C)CC1,ABL1(T315I)p,ABL1,ABL1,7.698970004336019,7.318758762624412,0.38021124171160636,mut,18582,21693,train,wt_mut,near_cliff,0.5
COc1cc2c(Nc3ccc(Br)cc3F)ncnc2cc1OCC1CCN(C)CC1,ABL1(Q252H)p,ABL1,ABL1,7.795880017344075,7.318758762624412,0.4771212547196626,mut,22346,21693,train,wt_mut,near_cliff,0.5
Cc1ccc(NC(=O)c2ccc(CN3CCN(C)CC3)cc2)cc1Nc1nc(-c2cccnc2)cs1,EGFR(L861Q),EGFR,EGFR,5.327902142064283,5.0,0.3279021420642829,mut,22251,4783,train,wt_mut,near_cliff,0.5
O=C(O)c1ccc(Nc2ncc3c(n2)-c2ccc(Cl)cc2C(c2c(F)cccc2F)=NC3)cc1,EGFR(L858R),EGFR,EGFR,5.494850021680094,5.0,0.49485002168009373,mut,21255,22614,train,wt_mut,near_cliff,0.5
CC(Oc1cc(-c2cnn(C3CCNCC3)c2)cnc1N)c1c(Cl)ccc(F)c1Cl,EGFR(L861Q),EGFR,EGFR,5.568636235841013,5.0,0.5686362358410131,mut,5233,10533,train,wt_mut,cliff,1.0
CC(Oc1cc(-c2cnn(C3CCNCC3)c2)cnc1N)c1c(Cl)ccc(F)c1Cl,EGFR(G719C),EGFR,EGFR,5.568636235841013,5.0,0.5686362358410131,mut,16440,10533,train,wt_mut,cliff,1.0
Nc1nc(N)c2nc(-c3cccc(O)c3)c(-c3cccc(O)c3)nc2n1,EGFR(L861Q),EGFR,EGFR,5.721246399047171,5.292429823902063,0.42881657514510785,mut,400,16193,train,wt_mut,near_cliff,0.5
Nc1nc(N)c2nc(-c3cccc(O)c3)c(-c3cccc(O)c3)nc2n1,EGFR,EGFR(G719S),EGFR,5.292429823902063,5.0655015487564325,0.22692827514563074,wt,16193,8413,train,wt_mut,near_cliff,0.5
Nc1nc(N)c2nc(-c3cccc(O)c3)c(-c3cccc(O)c3)nc2n1,EGFR(G719C),EGFR,EGFR,5.853871964321762,5.292429823902063,0.5614421404196985,mut,10565,16193,train,wt_mut,cliff,1.0
Nc1nc(N)c2nc(-c3cccc(O)c3)c(-c3cccc(O)c3)nc2n1,EGFR(L858R),EGFR,EGFR,5.853871964321762,5.292429823902063,0.5614421404196985,mut,15443,16193,train,wt_mut,cliff,1.0
COc1cc(N2CCC(N3CCN(C)CC3)CC2)ccc1Nc1ncc(Cl)c(Nc2ccccc2S(=O)(=O)C(C)C)n1,ABL1(F317I),ABL1,ABL1,7.031517051446065,6.698970004336019,0.33254704711004646,mut,434,15735,train,wt_mut,near_cliff,0.5
COc1cc(N2CCC(N3CCN(C)CC3)CC2)ccc1Nc1ncc(Cl)c(Nc2ccccc2S(=O)(=O)C(C)C)n1,ABL1(Q252H),ABL1,ABL1,7.4089353929735005,6.698970004336019,0.7099653886374817,mut,3350,15735,train,wt_mut,cliff,1.0
COc1cc(N2CCC(N3CCN(C)CC3)CC2)ccc1Nc1ncc(Cl)c(Nc2ccccc2S(=O)(=O)C(C)C)n1,ABL1(Y253F),ABL1,ABL1,7.0,6.698970004336019,0.30102999566398125,mut,4475,15735,train,wt_mut,near_cliff,0.5
COc1cc(N2CCC(N3CCN(C)CC3)CC2)ccc1Nc1ncc(Cl)c(Nc2ccccc2S(=O)(=O)C(C)C)n1,ABL1(F317L)p,ABL1,ABL1,7.721246399047171,6.698970004336019,1.0222763947111524,mut,4584,15735,train,wt_mut,cliff,1.0
COc1cc(N2CCC(N3CCN(C)CC3)CC2)ccc1Nc1ncc(Cl)c(Nc2ccccc2S(=O)(=O)C(C)C)n1,ABL1(F317I)p,ABL1,ABL1,7.853871964321762,6.698970004336019,1.154901959985743,mut,6314,15735,train,wt_mut,cliff,1.0
COc1cc(N2CCC(N3CCN(C)CC3)CC2)ccc1Nc1ncc(Cl)c(Nc2ccccc2S(=O)(=O)C(C)C)n1,ABL1(H396P),ABL1,ABL1,7.136677139879544,6.698970004336019,0.43770713554352536,mut,7749,15735,train,wt_mut,near_cliff,0.5
COc1cc(N2CCC(N3CCN(C)CC3)CC2)ccc1Nc1ncc(Cl)c(Nc2ccccc2S(=O)(=O)C(C)C)n1,ABL1(F317L),ABL1,ABL1,7.267606240177032,6.698970004336019,0.5686362358410131,mut,15708,15735,train,wt_mut,cliff,1.0
COc1cc(N2CCC(N3CCN(C)CC3)CC2)ccc1Nc1ncc(Cl)c(Nc2ccccc2S(=O)(=O)C(C)C)n1,ABL1(T315I),ABL1,ABL1,7.2839966563652,6.698970004336019,0.5850266520291809,mut,18417,15735,train,wt_mut,cliff,1.0
COc1cc(N2CCC(N3CCN(C)CC3)CC2)ccc1Nc1ncc(Cl)c(Nc2ccccc2S(=O)(=O)C(C)C)n1,ABL1(M351T),ABL1,ABL1,7.022276394711152,6.698970004336019,0.32330639037513365,mut,19134,15735,train,wt_mut,near_cliff,0.5
COc1cc(N2CCC(N3CCN(C)CC3)CC2)ccc1Nc1ncc(Cl)c(Nc2ccccc2S(=O)(=O)C(C)C)n1,ABL1(T315I)p,ABL1,ABL1,8.267606240177031,6.698970004336019,1.5686362358410122,mut,21714,15735,train,wt_mut,cliff,1.0
COc1cc(N2CCC(N3CCN(C)CC3)CC2)ccc1Nc1ncc(Cl)c(Nc2ccccc2S(=O)(=O)C(C)C)n1,ABL1(Q252H)p,ABL1,ABL1,7.154901959985743,6.698970004336019,0.45593195564972433,mut,22284,15735,train,wt_mut,near_cliff,0.5
COC1C(N(C)C(=O)c2ccccc2)CC2OC1(C)n1c3ccccc3c3c4c(c5c6ccccc6n2c5c31)C(=O)NC4,RET(V804L),RET,RET,7.568636235841013,6.455931955649724,1.1127042801912888,mut,439,24059,train,wt_mut,cliff,1.0
COC1C(N(C)C(=O)c2ccccc2)CC2OC1(C)n1c3ccccc3c3c4c(c5c6ccccc6n2c5c31)C(=O)NC4,RET(M918T),RET,RET,6.886056647693163,6.455931955649724,0.4301246920434387,mut,10762,24059,train,wt_mut,near_cliff,0.5
COC1C(N(C)C(=O)c2ccccc2)CC2OC1(C)n1c3ccccc3c3c4c(c5c6ccccc6n2c5c31)C(=O)NC4,RET(V804M),RET,RET,7.698970004336019,6.455931955649724,1.2430380486862944,mut,23789,24059,train,wt_mut,cliff,1.0
Cn1cc(C2=C(c3cn(C4CCN(Cc5ccccn5)CC4)c4ccccc34)C(=O)NC2=O)c2ccccc21,KIT(D816V),KIT,KIT,5.958607314841775,5.0,0.9586073148417746,mut,16828,6876,train,wt_mut,cliff,1.0
Cn1cc(C2=C(c3cn(C4CCN(Cc5ccccn5)CC4)c4ccccc34)C(=O)NC2=O)c2ccccc21,KIT(L576P),KIT,KIT,5.2839966563652006,5.0,0.28399665636520055,mut,20347,6876,train,wt_mut,near_cliff,0.5
CCN1CCN(Cc2ccc(NC(=O)Nc3ccc(Oc4cc(NC)ncn4)cc3)cc2C(F)(F)F)CC1,RET(M918T),RET,RET,8.346787486224656,7.769551078621726,0.5772364076029302,mut,5599,450,train,wt_mut,cliff,1.0
CCN1CCN(Cc2ccc(NC(=O)Nc3ccc(Oc4cc(NC)ncn4)cc3)cc2C(F)(F)F)CC1,RET(V804L),RET,RET,8.366531544420413,7.769551078621726,0.596980465798687,mut,11417,450,train,wt_mut,cliff,1.0
CCN1CCN(Cc2ccc(NC(=O)Nc3ccc(Oc4cc(NC)ncn4)cc3)cc2C(F)(F)F)CC1,RET(V804M),RET,RET,8.494850021680094,7.769551078621726,0.7252989430583678,mut,19188,450,train,wt_mut,cliff,1.0
CCN(CCO)CCCOc1ccc2c(Nc3cc(CC(=O)Nc4cccc(F)c4)[nH]n3)ncnc2c1,FLT3(K663Q),FLT3,FLT3,8.4089353929735,8.086186147616283,0.32274924535721716,mut,22272,3884,train,wt_mut,near_cliff,0.5
COc1cc2ncnc(Nc3ccc(F)c(Cl)c3)c2cc1OCCCN1CCOCC1,KIT(D816H),KIT,KIT,5.259637310505756,5.0,0.2596373105057559,mut,6567,7329,train,wt_mut,near_cliff,0.5
COc1cc2ncnc(Nc3ccc(F)c(Cl)c3)c2cc1OCCCN1CCOCC1,KIT(A829P),KIT,KIT,5.7447274948966935,5.0,0.7447274948966935,mut,11339,7329,train,wt_mut,cliff,1.0
COc1cc2ncnc(Nc3ccc(F)c(Cl)c3)c2cc1OCCCN1CCOCC1,KIT(D816V),KIT,KIT,5.366531544420414,5.0,0.3665315444204138,mut,19792,7329,train,wt_mut,near_cliff,0.5
CC(Oc1cc(-c2cnn(C3CCNCC3)c2)cnc1N)c1c(Cl)ccc(F)c1Cl,KIT(D816V),KIT,KIT,5.431798275933005,5.0,0.431798275933005,mut,15078,22702,train,wt_mut,near_cliff,0.5
CCCS(=O)(=O)Nc1ccc(F)c(C(=O)c2c[nH]c3ncc(Cl)cc23)c1F,ABL1,ABL1(T315I),ABL1,6.337242168318426,5.0,1.3372421683184257,wt,17322,480,train,wt_mut,cliff,1.0
CCCS(=O)(=O)Nc1ccc(F)c(C(=O)c2c[nH]c3ncc(Cl)cc23)c1F,ABL1,ABL1(Y253F),ABL1,6.337242168318426,5.721246399047171,0.6159957692712545,wt,17322,2256,train,wt_mut,cliff,1.0
CCCS(=O)(=O)Nc1ccc(F)c(C(=O)c2c[nH]c3ncc(Cl)cc23)c1F,ABL1,ABL1(E255K),ABL1,6.337242168318426,5.346787486224656,0.9904546820937696,wt,17322,6174,train,wt_mut,cliff,1.0
CCCS(=O)(=O)Nc1ccc(F)c(C(=O)c2c[nH]c3ncc(Cl)cc23)c1F,ABL1(Q252H),ABL1,ABL1,6.698970004336019,6.337242168318426,0.36172783601759306,mut,6773,17322,train,wt_mut,near_cliff,0.5
CCCS(=O)(=O)Nc1ccc(F)c(C(=O)c2c[nH]c3ncc(Cl)cc23)c1F,ABL1,ABL1(F317L),ABL1,6.337242168318426,6.026872146400302,0.310370021918124,wt,17322,9151,train,wt_mut,near_cliff,0.5
CCCS(=O)(=O)Nc1ccc(F)c(C(=O)c2c[nH]c3ncc(Cl)cc23)c1F,ABL1,ABL1(F317L)p,ABL1,6.337242168318426,5.2441251443275085,1.0931170239909171,wt,17322,9233,train,wt_mut,cliff,1.0
CCCS(=O)(=O)Nc1ccc(F)c(C(=O)c2c[nH]c3ncc(Cl)cc23)c1F,ABL1,ABL1(Q252H)p,ABL1,6.337242168318426,5.3979400086720375,0.9393021596463882,wt,17322,10714,train,wt_mut,cliff,1.0
CCCS(=O)(=O)Nc1ccc(F)c(C(=O)c2c[nH]c3ncc(Cl)cc23)c1F,ABL1,ABL1(T315I)p,ABL1,6.337242168318426,5.0,1.3372421683184257,wt,17322,14280,train,wt_mut,cliff,1.0
CCCS(=O)(=O)Nc1ccc(F)c(C(=O)c2c[nH]c3ncc(Cl)cc23)c1F,ABL1,ABL1(F317I)p,ABL1,6.337242168318426,5.301029995663981,1.0362121726544444,wt,17322,15161,train,wt_mut,cliff,1.0
CCCS(=O)(=O)Nc1ccc(F)c(C(=O)c2c[nH]c3ncc(Cl)cc23)c1F,ABL1,ABL1(H396P)p,ABL1,6.337242168318426,5.301029995663981,1.0362121726544444,wt,17322,15746,train,wt_mut,cliff,1.0
CCCS(=O)(=O)Nc1ccc(F)c(C(=O)c2c[nH]c3ncc(Cl)cc23)c1F,ABL1,ABL1(F317I),ABL1,6.337242168318426,5.886056647693163,0.4511855206252626,wt,17322,15859,train,wt_mut,near_cliff,0.5
CCCS(=O)(=O)Nc1ccc(F)c(C(=O)c2c[nH]c3ncc(Cl)cc23)c1F,ABL1,ABL1(M351T),ABL1,6.337242168318426,5.585026652029182,0.7522155162892439,wt,17322,16197,train,wt_mut,cliff,1.0
COC(=O)c1ccc2c(c1)NC(=O)C2=C(Nc1ccc(N(C)C(=O)CN2CCN(C)CC2)cc1)c1ccccc1,ABL1(Q252H),ABL1,ABL1,7.136677139879544,6.638272163982407,0.49840497589713717,mut,500,9471,train,wt_mut,near_cliff,0.5
COC(=O)c1ccc2c(c1)NC(=O)C2=C(Nc1ccc(N(C)C(=O)CN2CCN(C)CC2)cc1)c1ccccc1,ABL1(M351T),ABL1,ABL1,7.2839966563652,6.638272163982407,0.6457244923827927,mut,1932,9471,train,wt_mut,cliff,1.0
COC(=O)c1ccc2c(c1)NC(=O)C2=C(Nc1ccc(N(C)C(=O)CN2CCN(C)CC2)cc1)c1ccccc1,ABL1,ABL1(F317I),ABL1,6.638272163982407,5.161150909262744,1.4771212547196626,wt,9471,2249,train,wt_mut,cliff,1.0
COC(=O)c1ccc2c(c1)NC(=O)C2=C(Nc1ccc(N(C)C(=O)CN2CCN(C)CC2)cc1)c1ccccc1,ABL1(T315I)p,ABL1,ABL1,8.0,6.638272163982407,1.361727836017593,mut,3655,9471,train,wt_mut,cliff,1.0
COC(=O)c1ccc2c(c1)NC(=O)C2=C(Nc1ccc(N(C)C(=O)CN2CCN(C)CC2)cc1)c1ccccc1,ABL1,ABL1(F317L)p,ABL1,6.638272163982407,6.1938200260161125,0.44445213796629446,wt,9471,6702,train,wt_mut,near_cliff,0.5
COC(=O)c1ccc2c(c1)NC(=O)C2=C(Nc1ccc(N(C)C(=O)CN2CCN(C)CC2)cc1)c1ccccc1,ABL1(H396P),ABL1,ABL1,7.346787486224656,6.638272163982407,0.7085153222422491,mut,11685,9471,train,wt_mut,cliff,1.0
COC(=O)c1ccc2c(c1)NC(=O)C2=C(Nc1ccc(N(C)C(=O)CN2CCN(C)CC2)cc1)c1ccccc1,ABL1(Y253F),ABL1,ABL1,7.431798275933005,6.638272163982407,0.7935261119505981,mut,16132,9471,train,wt_mut,cliff,1.0
COC(=O)c1ccc2c(c1)NC(=O)C2=C(Nc1ccc(N(C)C(=O)CN2CCN(C)CC2)cc1)c1ccccc1,ABL1(Q252H)p,ABL1,ABL1,7.552841968657781,6.638272163982407,0.9145698046753736,mut,17235,9471,train,wt_mut,cliff,1.0
COC(=O)c1ccc2c(c1)NC(=O)C2=C(Nc1ccc(N(C)C(=O)CN2CCN(C)CC2)cc1)c1ccccc1,ABL1,ABL1(F317L),ABL1,6.638272163982407,5.638272163982407,1.0,wt,9471,19253,train,wt_mut,cliff,1.0
COC(=O)c1ccc2c(c1)NC(=O)C2=C(Nc1ccc(N(C)C(=O)CN2CCN(C)CC2)cc1)c1ccccc1,ABL1,ABL1(F317I)p,ABL1,6.638272163982407,5.585026652029182,1.0532455119532251,wt,9471,20489,train,wt_mut,cliff,1.0
COC(=O)c1ccc2c(c1)NC(=O)C2=C(Nc1ccc(N(C)C(=O)CN2CCN(C)CC2)cc1)c1ccccc1,ABL1(T315I),ABL1,ABL1,7.180456064458132,6.638272163982407,0.5421839004757247,mut,21159,9471,train,wt_mut,cliff,1.0
COC(=O)c1ccc2c(c1)NC(=O)C2=C(Nc1ccc(N(C)C(=O)CN2CCN(C)CC2)cc1)c1ccccc1,ABL1(E255K),ABL1,ABL1,7.200659450546419,6.638272163982407,0.5623872865640118,mut,21490,9471,train,wt_mut,cliff,1.0
COC(=O)c1ccc2c(c1)NC(=O)C2=C(Nc1ccc(N(C)C(=O)CN2CCN(C)CC2)cc1)c1ccccc1,ABL1(H396P)p,ABL1,ABL1,7.309803919971486,6.638272163982407,0.6715317559890792,mut,22867,9471,train,wt_mut,cliff,1.0
Cc1ccc(Nc2nccc(N(C)c3ccc4c(C)n(C)nc4c3)n2)cc1S(N)(=O)=O,RET,RET(V804L),RET,6.508638306165727,5.229147988357856,1.2794903178078707,wt,12136,547,train,wt_mut,cliff,1.0
Cc1ccc(Nc2nccc(N(C)c3ccc4c(C)n(C)nc4c3)n2)cc1S(N)(=O)=O,RET,RET(V804M),RET,6.508638306165727,5.638272163982407,0.87036614218332,wt,12136,14673,train,wt_mut,cliff,1.0
CNC(=O)c1cc(Oc2ccc(NC(=O)Nc3ccc(Cl)c(C(F)(F)F)c3)cc2)ccn1,FLT3(K663Q),FLT3,FLT3,8.346787486224656,7.886056647693163,0.460730838531493,mut,7433,10252,train,wt_mut,near_cliff,0.5
Cc1[nH]nc2ccc(-c3cncc(OCC(N)Cc4ccccc4)c3)cc12,KIT(D816V),KIT,KIT,6.0,5.0,1.0,mut,9370,831,train,wt_mut,cliff,1.0
Cc1[nH]nc2ccc(-c3cncc(OCC(N)Cc4ccccc4)c3)cc12,KIT(D816H),KIT,KIT,5.366531544420414,5.0,0.3665315444204138,mut,10979,831,train,wt_mut,near_cliff,0.5
COC1C(N(C)C(=O)c2ccccc2)CC2OC1(C)n1c3ccccc3c3c4c(c5c6ccccc6n2c5c31)C(=O)NC4,ABL1(T315I)p,ABL1,ABL1,6.102372908709558,5.0,1.1023729087095582,mut,576,19835,train,wt_mut,cliff,1.0
COC1C(N(C)C(=O)c2ccccc2)CC2OC1(C)n1c3ccccc3c3c4c(c5c6ccccc6n2c5c31)C(=O)NC4,ABL1(T315I),ABL1,ABL1,5.309803919971486,5.0,0.30980391997148615,mut,647,19835,train,wt_mut,near_cliff,0.5
COC1C(N(C)C(=O)c2ccccc2)CC2OC1(C)n1c3ccccc3c3c4c(c5c6ccccc6n2c5c31)C(=O)NC4,ABL1(H396P),ABL1,ABL1,5.508638306165727,5.0,0.5086383061657269,mut,3803,19835,train,wt_mut,cliff,1.0
COC1C(N(C)C(=O)c2ccccc2)CC2OC1(C)n1c3ccccc3c3c4c(c5c6ccccc6n2c5c31)C(=O)NC4,ABL1(H396P)p,ABL1,ABL1,5.251811972993799,5.0,0.2518119729937993,mut,10332,19835,train,wt_mut,near_cliff,0.5
Cc1[nH]c(C=C2C(=O)Nc3ccc(F)cc32)c(C)c1C(=O)NCC(O)CN1CCOCC1,KIT,KIT(A829P),KIT,9.167491087293763,7.267606240177032,1.8998848471167316,wt,19800,581,train,wt_mut,cliff,1.0
Cc1[nH]c(C=C2C(=O)Nc3ccc(F)cc32)c(C)c1C(=O)NCC(O)CN1CCOCC1,KIT,KIT(D816V),KIT,9.167491087293763,6.468521082957745,2.6989700043360187,wt,19800,9198,train,wt_mut,cliff,1.0
Cc1[nH]c(C=C2C(=O)Nc3ccc(F)cc32)c(C)c1C(=O)NCC(O)CN1CCOCC1,KIT,KIT(D816H),KIT,9.167491087293763,6.508638306165727,2.6588527811280365,wt,19800,11425,train,wt_mut,cliff,1.0
Cc1[nH]c(C=C2C(=O)Nc3ccc(F)cc32)c(C)c1C(=O)NCC(O)CN1CCOCC1,KIT(L576P),KIT,KIT,9.537602002101044,9.167491087293763,0.370110914807281,mut,21393,19800,train,wt_mut,near_cliff,0.5
CNC(=O)c1cc(Oc2ccc(NC(=O)Nc3ccc(Cl)c(C(F)(F)F)c3)cc2)ccn1,KIT,KIT(D816V),KIT,7.552841968657781,6.508638306165727,1.0442036624920537,wt,9792,602,train,wt_mut,cliff,1.0
CNC(=O)c1cc(Oc2ccc(NC(=O)Nc3ccc(Cl)c(C(F)(F)F)c3)cc2)ccn1,KIT,KIT(D816H),KIT,7.552841968657781,6.366531544420414,1.1863104242373668,wt,9792,10559,train,wt_mut,cliff,1.0
CNC(=O)c1cc(Oc2ccc(NC(=O)Nc3ccc(Cl)c(C(F)(F)F)c3)cc2)ccn1,KIT(V559D),KIT,KIT,7.795880017344075,7.552841968657781,0.24303804868629442,mut,12908,9792,train,wt_mut,near_cliff,0.5
COc1cc2c(Oc3ccc(NC(=O)C4(C(=O)Nc5ccc(F)cc5)CC4)cc3F)ccnc2cc1OCCCN1CCOCC1,EGFR(L861Q),EGFR,EGFR,7.0655015487564325,6.356547323513812,0.7089542252426204,mut,1502,18557,train,wt_mut,cliff,1.0
COc1cc2c(Oc3ccc(NC(=O)C4(C(=O)Nc5ccc(F)cc5)CC4)cc3F)ccnc2cc1OCCCN1CCOCC1,EGFR(G719C),EGFR,EGFR,6.920818753952375,6.356547323513812,0.5642714304385628,mut,9800,18557,train,wt_mut,cliff,1.0
COc1cc2c(Oc3ccc(NC(=O)C4(C(=O)Nc5ccc(F)cc5)CC4)cc3F)ccnc2cc1OCCCN1CCOCC1,EGFR(L858R),EGFR,EGFR,6.721246399047171,6.356547323513812,0.364699075533359,mut,21491,18557,train,wt_mut,near_cliff,0.5
Cc1[nH]c(C=C2C(=O)Nc3ccc(S(=O)(=O)Cc4c(Cl)cccc4Cl)cc32)c(C)c1C(=O)N1CCCC1CN1CCCC1,ABL1,ABL1(F317L),ABL1,5.585026652029182,5.0,0.5850266520291818,wt,2933,874,train,wt_mut,cliff,1.0
Cc1[nH]c(C=C2C(=O)Nc3ccc(S(=O)(=O)Cc4c(Cl)cccc4Cl)cc32)c(C)c1C(=O)N1CCCC1CN1CCCC1,ABL1(Y253F),ABL1,ABL1,5.920818753952375,5.585026652029182,0.3357921019231931,mut,4676,2933,train,wt_mut,near_cliff,0.5
Cc1[nH]c(C=C2C(=O)Nc3ccc(S(=O)(=O)Cc4c(Cl)cccc4Cl)cc32)c(C)c1C(=O)N1CCCC1CN1CCCC1,ABL1,ABL1(F317I)p,ABL1,5.585026652029182,5.0,0.5850266520291818,wt,2933,5521,train,wt_mut,cliff,1.0
Cc1[nH]c(C=C2C(=O)Nc3ccc(S(=O)(=O)Cc4c(Cl)cccc4Cl)cc32)c(C)c1C(=O)N1CCCC1CN1CCCC1,ABL1,ABL1(H396P)p,ABL1,5.585026652029182,5.045757490560675,0.539269161468507,wt,2933,7955,train,wt_mut,cliff,1.0
Cc1[nH]c(C=C2C(=O)Nc3ccc(S(=O)(=O)Cc4c(Cl)cccc4Cl)cc32)c(C)c1C(=O)N1CCCC1CN1CCCC1,ABL1,ABL1(Q252H),ABL1,5.585026652029182,5.0,0.5850266520291818,wt,2933,10654,train,wt_mut,cliff,1.0
Cc1[nH]c(C=C2C(=O)Nc3ccc(S(=O)(=O)Cc4c(Cl)cccc4Cl)cc32)c(C)c1C(=O)N1CCCC1CN1CCCC1,ABL1,ABL1(Q252H)p,ABL1,5.585026652029182,5.031517051446065,0.5535096005831166,wt,2933,12498,train,wt_mut,cliff,1.0
Cc1[nH]c(C=C2C(=O)Nc3ccc(S(=O)(=O)Cc4c(Cl)cccc4Cl)cc32)c(C)c1C(=O)N1CCCC1CN1CCCC1,ABL1,ABL1(H396P),ABL1,5.585026652029182,5.0,0.5850266520291818,wt,2933,17434,train,wt_mut,cliff,1.0
Cc1[nH]c(C=C2C(=O)Nc3ccc(S(=O)(=O)Cc4c(Cl)cccc4Cl)cc32)c(C)c1C(=O)N1CCCC1CN1CCCC1,ABL1,ABL1(F317I),ABL1,5.585026652029182,5.0,0.5850266520291818,wt,2933,20519,train,wt_mut,cliff,1.0
Cc1[nH]c(C=C2C(=O)Nc3ccc(S(=O)(=O)Cc4c(Cl)cccc4Cl)cc32)c(C)c1C(=O)N1CCCC1CN1CCCC1,ABL1(E255K),ABL1,ABL1,6.113509274827518,5.585026652029182,0.5284826227983359,mut,21625,2933,train,wt_mut,cliff,1.0
CCN(CCO)CCCOc1ccc2c(Nc3cc(CC(=O)Nc4cccc(F)c4)[nH]n3)ncnc2c1,EGFR,EGFR(T790M),EGFR,6.346787486224656,5.823908740944319,0.5228787452803374,wt,18102,3610,train,wt_mut,cliff,1.0
CCN(CCO)CCCOc1ccc2c(Nc3cc(CC(=O)Nc4cccc(F)c4)[nH]n3)ncnc2c1,EGFR(G719C),EGFR,EGFR,6.920818753952375,6.346787486224656,0.5740312677277188,mut,10676,18102,train,wt_mut,cliff,1.0
CCN(CCO)CCCOc1ccc2c(Nc3cc(CC(=O)Nc4cccc(F)c4)[nH]n3)ncnc2c1,EGFR,EGFR(L858R),EGFR,6.346787486224656,6.008773924307505,0.33801356191715115,wt,18102,15963,train,wt_mut,near_cliff,0.5
CCN(CCO)CCCOc1ccc2c(Nc3cc(CC(=O)Nc4cccc(F)c4)[nH]n3)ncnc2c1,EGFR(G719S),EGFR,EGFR,6.769551078621726,6.346787486224656,0.42276359239706984,mut,17111,18102,train,wt_mut,near_cliff,0.5
CC1CCN(C(=O)CC#N)CC1N(C)c1ncnc2[nH]ccc12,ABL1(T315I)p,ABL1,ABL1,5.657577319177793,5.0,0.6575773191777934,mut,4609,19499,train,wt_mut,cliff,1.0
CC1CCN(C(=O)CC#N)CC1N(C)c1ncnc2[nH]ccc12,ABL1(H396P),ABL1,ABL1,5.346787486224656,5.0,0.34678748622465605,mut,14420,19499,train,wt_mut,near_cliff,0.5
CCC1C(=O)N(C)c2cnc(Nc3ccc(C(=O)NC4CCN(C)CC4)cc3OC)nc2N1C1CCCC1,EGFR(G719C),EGFR,EGFR,6.200659450546418,5.657577319177793,0.5430821313686245,mut,3914,19111,train,wt_mut,cliff,1.0
CCC1C(=O)N(C)c2cnc(Nc3ccc(C(=O)NC4CCN(C)CC4)cc3OC)nc2N1C1CCCC1,EGFR(T790M),EGFR,EGFR,6.443697499232713,5.657577319177793,0.7861201800549198,mut,10297,19111,train,wt_mut,cliff,1.0
CCC1C(=O)N(C)c2cnc(Nc3ccc(C(=O)NC4CCN(C)CC4)cc3OC)nc2N1C1CCCC1,EGFR(G719S),EGFR,EGFR,5.886056647693163,5.657577319177793,0.22847932851536967,mut,14812,19111,train,wt_mut,near_cliff,0.5
CCC1C(=O)N(C)c2cnc(Nc3ccc(C(=O)NC4CCN(C)CC4)cc3OC)nc2N1C1CCCC1,EGFR(L858R),EGFR,EGFR,5.886056647693163,5.657577319177793,0.22847932851536967,mut,18076,19111,train,wt_mut,near_cliff,0.5
Cc1cn(-c2cc(NC(=O)c3ccc(C)c(Nc4nccc(-c5cccnc5)n4)c3)cc(C(F)(F)F)c2)cn1,RET,RET(V804L),RET,6.060480747381382,5.0,1.0604807473813818,wt,2355,692,train,wt_mut,cliff,1.0
Cc1cn(-c2cc(NC(=O)c3ccc(C)c(Nc4nccc(-c5cccnc5)n4)c3)cc(C(F)(F)F)c2)cn1,RET,RET(V804M),RET,6.060480747381382,5.0,1.0604807473813818,wt,2355,18232,train,wt_mut,cliff,1.0
CC(C)(C)c1cc(NC(=O)Nc2ccc(-c3cn4c(n3)sc3cc(OCCN5CCOCC5)ccc34)cc2)no1,KIT,KIT(D816V),KIT,8.318758762624412,6.823908740944319,1.4948500216800937,wt,16183,731,train,wt_mut,cliff,1.0
CC(C)(C)c1cc(NC(=O)Nc2ccc(-c3cn4c(n3)sc3cc(OCCN5CCOCC5)ccc34)cc2)no1,KIT,KIT(D816H),KIT,8.318758762624412,6.494850021680094,1.8239087409443187,wt,16183,20673,train,wt_mut,cliff,1.0
COc1cc2ncnc(Nc3ccc(F)c(Cl)c3)c2cc1OCCCN1CCOCC1,FLT3,FLT3(K663Q),FLT3,5.508638306165727,5.292429823902063,0.21620848226366363,wt,6531,5259,train,wt_mut,near_cliff,0.5
O=C(c1ccc(C=Cc2n[nH]c3ccccc23)cc1)N1CCNCC1,EGFR(G719S),EGFR,EGFR,5.337242168318426,5.0,0.3372421683184257,mut,785,8409,train,wt_mut,near_cliff,0.5
O=C(c1ccc(C=Cc2n[nH]c3ccccc23)cc1)N1CCNCC1,EGFR(G719C),EGFR,EGFR,5.568636235841013,5.0,0.5686362358410131,mut,19955,8409,train,wt_mut,cliff,1.0
O=C(c1ccc(C=Cc2n[nH]c3ccccc23)cc1)N1CCNCC1,EGFR(T790M),EGFR,EGFR,6.251811972993799,5.0,1.2518119729937993,mut,22012,8409,train,wt_mut,cliff,1.0
C#Cc1cccc(Nc2ncnc3cc(OCCOC)c(OCCOC)cc23)c1,LRRK2,LRRK2(G2019S),LRRK2,5.537602002101044,5.318758762624412,0.21884323947663198,wt,811,22687,train,wt_mut,near_cliff,0.5
COc1cc2c(Oc3ccc4[nH]c(C)cc4c3F)ncnc2cc1OCCCN1CCCC1,EGFR(G719S),EGFR,EGFR,7.075720713938118,6.638272163982407,0.43744854995571103,mut,7603,9849,train,wt_mut,near_cliff,0.5
COc1cc2c(Oc3ccc4[nH]c(C)cc4c3F)ncnc2cc1OCCCN1CCCC1,EGFR,EGFR(T790M),EGFR,6.638272163982407,5.886056647693163,0.7522155162892439,wt,9849,8738,train,wt_mut,cliff,1.0
COc1cc2c(Oc3ccc4[nH]c(C)cc4c3F)ncnc2cc1OCCCN1CCCC1,EGFR(L861Q),EGFR,EGFR,6.920818753952375,6.638272163982407,0.28254658996996795,mut,21413,9849,train,wt_mut,near_cliff,0.5
COc1cc2c(Oc3ccc4[nH]c(C)cc4c3F)ncnc2cc1OCCCN1CCCC1,EGFR(L858R),EGFR,EGFR,6.853871964321762,6.638272163982407,0.21559980033935489,mut,23807,9849,train,wt_mut,near_cliff,0.5
O=C(O)c1ccc(Nc2ncc3c(n2)-c2ccc(Cl)cc2C(c2c(F)cccc2F)=NC3)cc1,ABL1,ABL1(F317I),ABL1,5.958607314841775,5.0,0.9586073148417746,wt,3440,870,train,wt_mut,cliff,1.0
O=C(O)c1ccc(Nc2ncc3c(n2)-c2ccc(Cl)cc2C(c2c(F)cccc2F)=NC3)cc1,ABL1,ABL1(F317L)p,ABL1,5.958607314841775,5.0,0.9586073148417746,wt,3440,8587,train,wt_mut,cliff,1.0
O=C(O)c1ccc(Nc2ncc3c(n2)-c2ccc(Cl)cc2C(c2c(F)cccc2F)=NC3)cc1,ABL1,ABL1(T315I)p,ABL1,5.958607314841775,5.552841968657781,0.40576534618399407,wt,3440,11381,train,wt_mut,near_cliff,0.5
O=C(O)c1ccc(Nc2ncc3c(n2)-c2ccc(Cl)cc2C(c2c(F)cccc2F)=NC3)cc1,ABL1,ABL1(F317I)p,ABL1,5.958607314841775,5.0,0.9586073148417746,wt,3440,12038,train,wt_mut,cliff,1.0
O=C(O)c1ccc(Nc2ncc3c(n2)-c2ccc(Cl)cc2C(c2c(F)cccc2F)=NC3)cc1,ABL1(Q252H),ABL1,ABL1,6.200659450546418,5.958607314841775,0.24205213570464323,mut,13908,3440,train,wt_mut,near_cliff,0.5
O=C(O)c1ccc(Nc2ncc3c(n2)-c2ccc(Cl)cc2C(c2c(F)cccc2F)=NC3)cc1,ABL1(H396P),ABL1,ABL1,6.292429823902063,5.958607314841775,0.33382250906028865,mut,18447,3440,train,wt_mut,near_cliff,0.5
O=C(O)c1ccc(Nc2ncc3c(n2)-c2ccc(Cl)cc2C(c2c(F)cccc2F)=NC3)cc1,ABL1,ABL1(F317L),ABL1,5.958607314841775,5.0,0.9586073148417746,wt,3440,20609,train,wt_mut,cliff,1.0
O=C(O)c1ccc(Nc2ncc3c(n2)-c2ccc(Cl)cc2C(c2c(F)cccc2F)=NC3)cc1,ABL1,ABL1(E255K),ABL1,5.958607314841775,5.721246399047171,0.2373609157946035,wt,3440,21375,train,wt_mut,near_cliff,0.5
Cc1cc2c(F)c(Oc3ncnn4cc(OCC(C)O)c(C)c34)ccc2[nH]1,KIT,KIT(A829P),KIT,7.443697499232713,5.0,2.443697499232713,wt,6971,1307,train,wt_mut,cliff,1.0
Cc1cc2c(F)c(Oc3ncnn4cc(OCC(C)O)c(C)c34)ccc2[nH]1,KIT,KIT(D816H),KIT,7.443697499232713,5.0,2.443697499232713,wt,6971,10302,train,wt_mut,cliff,1.0
Cc1cc2c(F)c(Oc3ncnn4cc(OCC(C)O)c(C)c34)ccc2[nH]1,KIT,KIT(D816V),KIT,7.443697499232713,5.3979400086720375,2.0457574905606757,wt,6971,22551,train,wt_mut,cliff,1.0
Cc1ccc(F)c(NC(=O)Nc2ccc(-c3cccc4[nH]nc(N)c34)cc2)c1,FLT3,FLT3(K663Q),FLT3,9.200659450546418,8.886056647693163,0.3146028028532548,wt,15297,22912,train,wt_mut,near_cliff,0.5
C=CC(=O)Nc1cc2c(Nc3ccc(F)c(Cl)c3)ncnc2cc1OCCCN1CCOCC1,EGFR(T790M),EGFR,EGFR,10.0,9.721246399047171,0.27875360095282886,mut,20270,902,train,wt_mut,near_cliff,0.5
COc1cc2c(Oc3ccc(NC(=O)C4(C(=O)Nc5ccc(F)cc5)CC4)cc3F)ccnc2cc1OCCCN1CCOCC1,KIT,KIT(D816V),KIT,8.602059991327963,8.017728766960431,0.5843312243675314,wt,5884,8160,train,wt_mut,cliff,1.0
COc1cc2c(Oc3ccc(NC(=O)C4(C(=O)Nc5ccc(F)cc5)CC4)cc3F)ccnc2cc1OCCCN1CCOCC1,KIT,KIT(D816H),KIT,8.602059991327963,7.443697499232713,1.1583624920952493,wt,5884,14142,train,wt_mut,cliff,1.0
CC(O)C(=O)O.CN1CCN(c2ccc3c(c2)NC(=C2C(=O)N=c4cccc(F)c4=C2N)N3)CC1.O,RET(V804M),RET,RET,7.585026652029182,7.1487416512809245,0.43628500074825727,mut,15548,9541,train,wt_mut,near_cliff,0.5
CC(O)C(=O)O.CN1CCN(c2ccc3c(c2)NC(=C2C(=O)N=c4cccc(F)c4=C2N)N3)CC1.O,RET(V804L),RET,RET,7.568636235841013,7.1487416512809245,0.41989458456008855,mut,17066,9541,train,wt_mut,near_cliff,0.5
Cc1cnc(Nc2ccc(OCCN3CCCC3)cc2)nc1Nc1cccc(S(=O)(=O)NC(C)(C)C)c1,EGFR,EGFR(L861Q),EGFR,5.468521082957745,5.236572006437063,0.23194907652068153,wt,21028,3899,train,wt_mut,near_cliff,0.5
Cc1cnc(Nc2ccc(OCCN3CCCC3)cc2)nc1Nc1cccc(S(=O)(=O)NC(C)(C)C)c1,EGFR,EGFR(G719C),EGFR,5.468521082957745,5.0,0.46852108295774464,wt,21028,4025,train,wt_mut,near_cliff,0.5
Cc1cnc(Nc2ccc(OCCN3CCCC3)cc2)nc1Nc1cccc(S(=O)(=O)NC(C)(C)C)c1,EGFR,EGFR(G719S),EGFR,5.468521082957745,5.0,0.46852108295774464,wt,21028,16562,train,wt_mut,near_cliff,0.5
Cc1cnc(Nc2ccc(OCCN3CCCC3)cc2)nc1Nc1cccc(S(=O)(=O)NC(C)(C)C)c1,EGFR(T790M),EGFR,EGFR,6.236572006437063,5.468521082957745,0.7680509234793185,mut,18958,21028,train,wt_mut,cliff,1.0
CC12OC(CC1(O)CO)n1c3ccccc3c3c4c(c5c6ccccc6n2c5c31)CNC4=O,KIT(D816V),KIT,KIT,8.148741651280925,6.823908740944319,1.3248329103366068,mut,3082,9099,train,wt_mut,cliff,1.0
CC12OC(CC1(O)CO)n1c3ccccc3c3c4c(c5c6ccccc6n2c5c31)CNC4=O,KIT(D816H),KIT,KIT,7.958607314841775,6.823908740944319,1.134698573897456,mut,4898,9099,train,wt_mut,cliff,1.0
CC12OC(CC1(O)CO)n1c3ccccc3c3c4c(c5c6ccccc6n2c5c31)CNC4=O,KIT(L576P),KIT,KIT,7.397940008672037,6.823908740944319,0.574031267727718,mut,5366,9099,train,wt_mut,cliff,1.0
CC12OC(CC1(O)CO)n1c3ccccc3c3c4c(c5c6ccccc6n2c5c31)CNC4=O,KIT(V559D),KIT,KIT,7.119186407719209,6.823908740944319,0.29527766677489,mut,5439,9099,train,wt_mut,near_cliff,0.5
CC12OC(CC1(O)CO)n1c3ccccc3c3c4c(c5c6ccccc6n2c5c31)CNC4=O,KIT(A829P),KIT,KIT,7.455931955649724,6.823908740944319,0.6320232147054057,mut,17921,9099,train,wt_mut,cliff,1.0
Cn1c(Nc2ccc(C(F)(F)F)cc2)nc2cc(Oc3ccnc(-c4ncc(C(F)(F)F)[nH]4)c3)ccc21,FLT3(K663Q),FLT3,FLT3,6.136677139879544,5.853871964321762,0.2828051755577823,mut,15358,6557,train,wt_mut,near_cliff,0.5
Cc1ccc(F)c(NC(=O)Nc2ccc(-c3cccc4[nH]nc(N)c34)cc2)c1,ABL1(T315I),ABL1,ABL1,5.356547323513812,5.0,0.35654732351381213,mut,1069,7248,train,wt_mut,near_cliff,0.5
CC(C)(C)c1cc(NC(=O)Nc2ccc(-c3cn4c(n3)sc3cc(OCCN5CCOCC5)ccc34)cc2)no1,RET(M918T),RET,RET,8.522878745280337,8.096910013008056,0.42596873227228116,mut,13564,5758,train,wt_mut,near_cliff,0.5
CC(C)(C)c1cc(NC(=O)Nc2ccc(-c3cn4c(n3)sc3cc(OCCN5CCOCC5)ccc34)cc2)no1,RET,RET(V804L),RET,8.096910013008056,7.886056647693163,0.21085336531489318,wt,5758,14987,train,wt_mut,near_cliff,0.5
CSc1cccc(Nc2ncc3cc(-c4c(Cl)cccc4Cl)c(=O)n(C)c3n2)c1,RET,RET(V804L),RET,7.1487416512809245,5.0,2.1487416512809245,wt,1132,3949,train,wt_mut,cliff,1.0
CSc1cccc(Nc2ncc3cc(-c4c(Cl)cccc4Cl)c(=O)n(C)c3n2)c1,RET,RET(V804M),RET,7.1487416512809245,5.221848749616356,1.9268929016645684,wt,1132,20705,train,wt_mut,cliff,1.0
COc1cc2c(Oc3ccc4[nH]c(C)cc4c3F)ncnc2cc1OCCCN1CCCC1,ABL1(M351T),ABL1,ABL1,7.251811972993799,7.0,0.2518119729937993,mut,10749,1901,train,wt_mut,near_cliff,0.5
COc1cc2c(Oc3ccc4[nH]c(C)cc4c3F)ncnc2cc1OCCCN1CCCC1,ABL1(H396P),ABL1,ABL1,7.4089353929735005,7.0,0.40893539297350046,mut,10757,1901,train,wt_mut,near_cliff,0.5
COc1cc2c(Oc3ccc4[nH]c(C)cc4c3F)ncnc2cc1OCCCN1CCCC1,ABL1,ABL1(F317I),ABL1,7.0,5.552841968657781,1.4471580313422194,wt,1901,13798,train,wt_mut,cliff,1.0
COc1cc2c(Oc3ccc4[nH]c(C)cc4c3F)ncnc2cc1OCCCN1CCCC1,ABL1(H396P)p,ABL1,ABL1,7.346787486224656,7.0,0.34678748622465605,mut,15666,1901,train,wt_mut,near_cliff,0.5
COc1cc2c(Oc3ccc4[nH]c(C)cc4c3F)ncnc2cc1OCCCN1CCCC1,ABL1,ABL1(F317L),ABL1,7.0,6.4089353929735005,0.5910646070264995,wt,1901,16523,train,wt_mut,cliff,1.0
COc1cc2c(Oc3ccc4[nH]c(C)cc4c3F)ncnc2cc1OCCCN1CCCC1,ABL1,ABL1(F317L)p,ABL1,7.0,6.552841968657781,0.44715803134221943,wt,1901,17615,train,wt_mut,near_cliff,0.5
COc1cc2c(Oc3ccc4[nH]c(C)cc4c3F)ncnc2cc1OCCCN1CCCC1,ABL1(T315I)p,ABL1,ABL1,7.698970004336019,7.0,0.6989700043360187,mut,18252,1901,train,wt_mut,cliff,1.0
COc1cc2c(Oc3ccc4[nH]c(C)cc4c3F)ncnc2cc1OCCCN1CCCC1,ABL1(Y253F),ABL1,ABL1,7.259637310505756,7.0,0.2596373105057559,mut,20191,1901,train,wt_mut,near_cliff,0.5
COc1cc2c(Oc3ccc4[nH]c(C)cc4c3F)ncnc2cc1OCCCN1CCCC1,ABL1,ABL1(F317I)p,ABL1,7.0,5.886056647693163,1.113943352306837,wt,1901,23131,train,wt_mut,cliff,1.0
CC12OC(CC1(O)CO)n1c3ccccc3c3c4c(c5c6ccccc6n2c5c31)CNC4=O,ABL1(H396P)p,ABL1,ABL1,6.060480747381382,5.494850021680094,0.565630725701288,mut,1182,15719,train,wt_mut,cliff,1.0
CC12OC(CC1(O)CO)n1c3ccccc3c3c4c(c5c6ccccc6n2c5c31)CNC4=O,ABL1,ABL1(F317I),ABL1,5.494850021680094,5.0,0.49485002168009373,wt,15719,4971,train,wt_mut,near_cliff,0.5
CC12OC(CC1(O)CO)n1c3ccccc3c3c4c(c5c6ccccc6n2c5c31)CNC4=O,ABL1(H396P),ABL1,ABL1,6.0,5.494850021680094,0.5051499783199063,mut,11734,15719,train,wt_mut,cliff,1.0
CC12OC(CC1(O)CO)n1c3ccccc3c3c4c(c5c6ccccc6n2c5c31)CNC4=O,ABL1(M351T),ABL1,ABL1,6.107905397309519,5.494850021680094,0.6130553756294255,mut,12243,15719,train,wt_mut,cliff,1.0
CC12OC(CC1(O)CO)n1c3ccccc3c3c4c(c5c6ccccc6n2c5c31)CNC4=O,ABL1,ABL1(F317L),ABL1,5.494850021680094,5.119186407719209,0.3756636139608851,wt,15719,13282,train,wt_mut,near_cliff,0.5
CC12OC(CC1(O)CO)n1c3ccccc3c3c4c(c5c6ccccc6n2c5c31)CNC4=O,ABL1(Q252H)p,ABL1,ABL1,6.080921907623926,5.494850021680094,0.5860718859438325,mut,18475,15719,train,wt_mut,cliff,1.0
CC12OC(CC1(O)CO)n1c3ccccc3c3c4c(c5c6ccccc6n2c5c31)CNC4=O,ABL1(T315I),ABL1,ABL1,6.022276394711152,5.494850021680094,0.5274263730310587,mut,19390,15719,train,wt_mut,cliff,1.0
CC12OC(CC1(O)CO)n1c3ccccc3c3c4c(c5c6ccccc6n2c5c31)CNC4=O,ABL1(E255K),ABL1,ABL1,6.075720713938118,5.494850021680094,0.5808706922580242,mut,20824,15719,train,wt_mut,cliff,1.0
CC12OC(CC1(O)CO)n1c3ccccc3c3c4c(c5c6ccccc6n2c5c31)CNC4=O,ABL1(Y253F),ABL1,ABL1,6.040958607678906,5.494850021680094,0.5461085859988124,mut,21587,15719,train,wt_mut,cliff,1.0
CC12OC(CC1(O)CO)n1c3ccccc3c3c4c(c5c6ccccc6n2c5c31)CNC4=O,ABL1(T315I)p,ABL1,ABL1,6.795880017344075,5.494850021680094,1.3010299956639813,mut,23512,15719,train,wt_mut,cliff,1.0
CN1CCC(c2c(O)cc(O)c3c(=O)cc(-c4ccccc4Cl)oc23)C(O)C1,EGFR(L858R),EGFR,EGFR,5.769551078621726,5.431798275933005,0.3377528026887209,mut,3259,8933,train,wt_mut,near_cliff,0.5
CN1CCC(c2c(O)cc(O)c3c(=O)cc(-c4ccccc4Cl)oc23)C(O)C1,EGFR(L861Q),EGFR,EGFR,5.920818753952375,5.431798275933005,0.4890204780193699,mut,3295,8933,train,wt_mut,near_cliff,0.5
CN1CCC(c2c(O)cc(O)c3c(=O)cc(-c4ccccc4Cl)oc23)C(O)C1,EGFR(G719C),EGFR,EGFR,6.2839966563652006,5.431798275933005,0.8521983804321955,mut,7012,8933,train,wt_mut,cliff,1.0
CN1CCC(c2c(O)cc(O)c3c(=O)cc(-c4ccccc4Cl)oc23)C(O)C1,EGFR(T790M),EGFR,EGFR,5.795880017344075,5.431798275933005,0.36408174141106997,mut,22823,8933,train,wt_mut,near_cliff,0.5
CN(C)CC=CC(=O)Nc1cc2c(Nc3ccc(F)c(Cl)c3)ncnc2cc1OC1CCOC1,ABL1,ABL1(F317I),ABL1,5.886056647693163,5.537602002101044,0.3484546455921187,wt,14629,7629,train,wt_mut,near_cliff,0.5
CN(C)CC=CC(=O)Nc1cc2c(Nc3ccc(F)c(Cl)c3)ncnc2cc1OC1CCOC1,ABL1(H396P),ABL1,ABL1,6.301029995663981,5.886056647693163,0.4149733479708182,mut,8252,14629,train,wt_mut,near_cliff,0.5
CN(C)CC=CC(=O)Nc1cc2c(Nc3ccc(F)c(Cl)c3)ncnc2cc1OC1CCOC1,ABL1(F317I)p,ABL1,ABL1,6.1249387366083,5.886056647693163,0.23888208891513685,mut,9203,14629,train,wt_mut,near_cliff,0.5
CN(C)CC=CC(=O)Nc1cc2c(Nc3ccc(F)c(Cl)c3)ncnc2cc1OC1CCOC1,ABL1(Q252H)p,ABL1,ABL1,6.42021640338319,5.886056647693163,0.5341597556900268,mut,9603,14629,train,wt_mut,cliff,1.0
CN(C)CC=CC(=O)Nc1cc2c(Nc3ccc(F)c(Cl)c3)ncnc2cc1OC1CCOC1,ABL1(F317L)p,ABL1,ABL1,6.638272163982407,5.886056647693163,0.7522155162892439,mut,17727,14629,train,wt_mut,cliff,1.0
CN(C)CC=CC(=O)Nc1cc2c(Nc3ccc(F)c(Cl)c3)ncnc2cc1OC1CCOC1,ABL1(Q252H),ABL1,ABL1,6.102372908709558,5.886056647693163,0.21631626101639512,mut,18863,14629,train,wt_mut,near_cliff,0.5
CN(C)CC=CC(=O)Nc1cc2c(Nc3ccc(F)c(Cl)c3)ncnc2cc1OC1CCOC1,ABL1(F317L),ABL1,ABL1,6.236572006437063,5.886056647693163,0.35051535874390005,mut,18929,14629,train,wt_mut,near_cliff,0.5
CN(C)CC=CC(=O)Nc1cc2c(Nc3ccc(F)c(Cl)c3)ncnc2cc1OC1CCOC1,ABL1(H396P)p,ABL1,ABL1,6.301029995663981,5.886056647693163,0.4149733479708182,mut,19731,14629,train,wt_mut,near_cliff,0.5
CN(C)CC=CC(=O)Nc1cc2c(Nc3ccc(F)c(Cl)c3)ncnc2cc1OC1CCOC1,ABL1,ABL1(T315I),ABL1,5.886056647693163,5.585026652029182,0.30102999566398125,wt,14629,19891,train,wt_mut,near_cliff,0.5
CN(C)CC=CC(=O)Nc1cc2c(Nc3ccc(F)c(Cl)c3)ncnc2cc1OC1CCOC1,ABL1(E255K),ABL1,ABL1,6.376750709602099,5.886056647693163,0.49069406190893616,mut,21663,14629,train,wt_mut,near_cliff,0.5
CC12OC(CC1(O)CO)n1c3ccccc3c3c4c(c5c6ccccc6n2c5c31)CNC4=O,EGFR(T790M),EGFR,EGFR,7.795880017344075,5.958607314841775,1.8372727025023003,mut,5879,1935,train,wt_mut,cliff,1.0
Cc1nc(Nc2ncc(C(=O)Nc3c(C)cccc3Cl)s2)cc(N2CCN(CCO)CC2)n1,RET,RET(V804M),RET,6.136677139879544,5.0,1.136677139879544,wt,16238,1241,train,wt_mut,cliff,1.0
Cc1nc(Nc2ncc(C(=O)Nc3c(C)cccc3Cl)s2)cc(N2CCN(CCO)CC2)n1,RET,RET(V804L),RET,6.136677139879544,5.494850021680094,0.6418271181994504,wt,16238,1979,train,wt_mut,cliff,1.0
Cc1nc(Nc2ncc(C(=O)Nc3c(C)cccc3Cl)s2)cc(N2CCN(CCO)CC2)n1,RET(M918T),RET,RET,6.4089353929735005,6.136677139879544,0.27225825309395635,mut,8424,16238,train,wt_mut,near_cliff,0.5
CCN(CCO)CCCOc1ccc2c(Nc3cc(CC(=O)Nc4cccc(F)c4)[nH]n3)ncnc2c1,ABL1,ABL1(Y253F),ABL1,5.823908740944319,5.42021640338319,0.40369233756112877,wt,7295,4255,train,wt_mut,near_cliff,0.5
CCN(CCO)CCCOc1ccc2c(Nc3cc(CC(=O)Nc4cccc(F)c4)[nH]n3)ncnc2c1,ABL1,ABL1(F317I)p,ABL1,5.823908740944319,5.337242168318426,0.48666657262589297,wt,7295,5354,train,wt_mut,near_cliff,0.5
CCN(CCO)CCCOc1ccc2c(Nc3cc(CC(=O)Nc4cccc(F)c4)[nH]n3)ncnc2c1,ABL1,ABL1(Q252H)p,ABL1,5.823908740944319,5.167491087293763,0.6564176536505553,wt,7295,8343,train,wt_mut,cliff,1.0
CCN(CCO)CCCOc1ccc2c(Nc3cc(CC(=O)Nc4cccc(F)c4)[nH]n3)ncnc2c1,ABL1(Q252H),ABL1,ABL1,6.0655015487564325,5.823908740944319,0.2415928078121139,mut,9861,7295,train,wt_mut,near_cliff,0.5
CCN(CCO)CCCOc1ccc2c(Nc3cc(CC(=O)Nc4cccc(F)c4)[nH]n3)ncnc2c1,ABL1,ABL1(T315I)p,ABL1,5.823908740944319,5.318758762624412,0.5051499783199063,wt,7295,12679,train,wt_mut,cliff,1.0
CCN(CCO)CCCOc1ccc2c(Nc3cc(CC(=O)Nc4cccc(F)c4)[nH]n3)ncnc2c1,ABL1,ABL1(E255K),ABL1,5.823908740944319,5.017728766960432,0.8061799739838866,wt,7295,17578,train,wt_mut,cliff,1.0
CCN(CCO)CCCOc1ccc2c(Nc3cc(CC(=O)Nc4cccc(F)c4)[nH]n3)ncnc2c1,ABL1,ABL1(H396P)p,ABL1,5.823908740944319,5.0,0.8239087409443187,wt,7295,22755,train,wt_mut,cliff,1.0
CCN(CCO)CCCOc1ccc2c(Nc3cc(CC(=O)Nc4cccc(F)c4)[nH]n3)ncnc2c1,ABL1,ABL1(F317I),ABL1,5.823908740944319,5.42021640338319,0.40369233756112877,wt,7295,23893,train,wt_mut,near_cliff,0.5
Cc1ccc(F)c(NC(=O)Nc2ccc(-c3cccc4[nH]nc(N)c34)cc2)c1,MET,MET(Y1235D),MET,5.886056647693163,5.585026652029182,0.30102999566398125,wt,1275,11531,train,wt_mut,near_cliff,0.5
C#Cc1cccc(Nc2ncnc3cc(OCCOC)c(OCCOC)cc23)c1,ABL1(M351T),ABL1,ABL1,7.180456064458132,6.481486060122113,0.6989700043360187,mut,1293,1474,train,wt_mut,cliff,1.0
C#Cc1cccc(Nc2ncnc3cc(OCCOC)c(OCCOC)cc23)c1,ABL1(H396P)p,ABL1,ABL1,7.236572006437063,6.481486060122113,0.7550859463149502,mut,1803,1474,train,wt_mut,cliff,1.0
C#Cc1cccc(Nc2ncnc3cc(OCCOC)c(OCCOC)cc23)c1,ABL1(T315I)p,ABL1,ABL1,7.229147988357856,6.481486060122113,0.7476619282357433,mut,1919,1474,train,wt_mut,cliff,1.0
C#Cc1cccc(Nc2ncnc3cc(OCCOC)c(OCCOC)cc23)c1,ABL1(Q252H)p,ABL1,ABL1,7.214670164989233,6.481486060122113,0.7331841048671199,mut,3643,1474,train,wt_mut,cliff,1.0
C#Cc1cccc(Nc2ncnc3cc(OCCOC)c(OCCOC)cc23)c1,ABL1,ABL1(F317L),ABL1,6.481486060122113,6.1938200260161125,0.28766603410600045,wt,1474,4211,train,wt_mut,near_cliff,0.5
C#Cc1cccc(Nc2ncnc3cc(OCCOC)c(OCCOC)cc23)c1,ABL1,ABL1(F317I),ABL1,6.481486060122113,5.086186147616283,1.3952999125058296,wt,1474,6849,train,wt_mut,cliff,1.0
C#Cc1cccc(Nc2ncnc3cc(OCCOC)c(OCCOC)cc23)c1,ABL1(H396P),ABL1,ABL1,7.050609993355087,6.481486060122113,0.5691239332329738,mut,7839,1474,train,wt_mut,cliff,1.0
C#Cc1cccc(Nc2ncnc3cc(OCCOC)c(OCCOC)cc23)c1,ABL1,ABL1(F317I)p,ABL1,6.481486060122113,5.958607314841775,0.5228787452803383,wt,1474,8365,train,wt_mut,cliff,1.0
C#Cc1cccc(Nc2ncnc3cc(OCCOC)c(OCCOC)cc23)c1,ABL1(E255K),ABL1,ABL1,7.200659450546419,6.481486060122113,0.7191733904243058,mut,12432,1474,train,wt_mut,cliff,1.0
C#Cc1cccc(Nc2ncnc3cc(OCCOC)c(OCCOC)cc23)c1,ABL1(Y253F),ABL1,ABL1,7.119186407719209,6.481486060122113,0.6377003475970957,mut,14190,1474,train,wt_mut,cliff,1.0
C#Cc1cccc(Nc2ncnc3cc(OCCOC)c(OCCOC)cc23)c1,ABL1(F317L)p,ABL1,ABL1,6.823908740944319,6.481486060122113,0.3424226808222057,mut,21536,1474,train,wt_mut,near_cliff,0.5
C#Cc1cccc(Nc2ncnc3cc(OCCOC)c(OCCOC)cc23)c1,ABL1,ABL1(T315I),ABL1,6.481486060122113,6.2076083105017466,0.2738777496203664,wt,1474,23879,train,wt_mut,near_cliff,0.5
CCCS(=O)(=O)Nc1ccc(F)c(C(=O)c2c[nH]c3ncc(Cl)cc23)c1F,FLT3,FLT3(K663Q),FLT3,5.886056647693163,5.638272163982407,0.24778448371075612,wt,4776,2153,train,wt_mut,near_cliff,0.5
COc1cc(N2CCC(N3CCN(C)CC3)CC2)ccc1Nc1ncc(Cl)c(Nc2ccccc2S(=O)(=O)C(C)C)n1,FLT3(K663Q),FLT3,FLT3,8.086186147616283,7.823908740944319,0.26227740667196464,mut,7624,22809,train,wt_mut,near_cliff,0.5
Cc1cc(Nc2cc(N3CCN(C)CC3)nc(Sc3ccc(NC(=O)C4CC4)cc3)n2)n[nH]1,KIT,KIT(D816H),KIT,6.619788758288394,5.721246399047171,0.8985423592412225,wt,12952,1677,train,wt_mut,cliff,1.0
CCN(CC)CCNC(=O)c1c(C)[nH]c(C=C2C(=O)Nc3ccc(F)cc32)c1C,ABL1(Y253F),ABL1,ABL1,6.853871964321762,6.568636235841013,0.28523572848074874,mut,1383,12007,train,wt_mut,near_cliff,0.5
CCN(CC)CCNC(=O)c1c(C)[nH]c(C=C2C(=O)Nc3ccc(F)cc32)c1C,ABL1(T315I)p,ABL1,ABL1,7.259637310505756,6.568636235841013,0.6910010746647428,mut,1631,12007,train,wt_mut,cliff,1.0
CCN(CC)CCNC(=O)c1c(C)[nH]c(C=C2C(=O)Nc3ccc(F)cc32)c1C,ABL1,ABL1(F317I),ABL1,6.568636235841013,5.443697499232713,1.1249387366083,wt,12007,2246,train,wt_mut,cliff,1.0
CCN(CC)CCNC(=O)c1c(C)[nH]c(C=C2C(=O)Nc3ccc(F)cc32)c1C,ABL1,ABL1(F317I)p,ABL1,6.568636235841013,6.050609993355088,0.5180262424859254,wt,12007,6770,train,wt_mut,cliff,1.0
CCN(CC)CCNC(=O)c1c(C)[nH]c(C=C2C(=O)Nc3ccc(F)cc32)c1C,ABL1(Q252H)p,ABL1,ABL1,7.119186407719209,6.568636235841013,0.5505501718781955,mut,9167,12007,train,wt_mut,cliff,1.0
CCN(CC)CCNC(=O)c1c(C)[nH]c(C=C2C(=O)Nc3ccc(F)cc32)c1C,ABL1,ABL1(F317L),ABL1,6.568636235841013,6.136677139879544,0.431959095961469,wt,12007,11194,train,wt_mut,near_cliff,0.5
CCN(CC)CCNC(=O)c1c(C)[nH]c(C=C2C(=O)Nc3ccc(F)cc32)c1C,ABL1(H396P),ABL1,ABL1,7.130768280269024,6.568636235841013,0.5621320444280107,mut,13818,12007,train,wt_mut,cliff,1.0
CCN(CC)CCNC(=O)c1c(C)[nH]c(C=C2C(=O)Nc3ccc(F)cc32)c1C,ABL1(M351T),ABL1,ABL1,6.920818753952375,6.568636235841013,0.3521825181113618,mut,14258,12007,train,wt_mut,near_cliff,0.5
CCN(CC)CCNC(=O)c1c(C)[nH]c(C=C2C(=O)Nc3ccc(F)cc32)c1C,ABL1(T315I),ABL1,ABL1,6.823908740944319,6.568636235841013,0.25527250510330557,mut,17263,12007,train,wt_mut,near_cliff,0.5
CCN(CC)CCNC(=O)c1c(C)[nH]c(C=C2C(=O)Nc3ccc(F)cc32)c1C,ABL1(H396P)p,ABL1,ABL1,6.853871964321762,6.568636235841013,0.28523572848074874,mut,20515,12007,train,wt_mut,near_cliff,0.5
CN(C)CC1CCn2cc(c3ccccc32)C2=C(C(=O)NC2=O)c2cn(c3ccccc23)CCO1,FLT3(K663Q),FLT3,FLT3,6.481486060122113,5.721246399047171,0.7602396610749418,mut,18935,17823,train,wt_mut,cliff,1.0
CS(=O)c1ccc(-c2nc(-c3ccc(F)cc3)c(-c3ccncc3)[nH]2)cc1,EGFR,EGFR(L861Q),EGFR,5.769551078621726,5.494850021680094,0.27470105694163216,wt,14568,1434,train,wt_mut,near_cliff,0.5
CS(=O)c1ccc(-c2nc(-c3ccc(F)cc3)c(-c3ccncc3)[nH]2)cc1,EGFR(G719C),EGFR,EGFR,6.1487416512809245,5.769551078621726,0.37919057265919864,mut,12201,14568,train,wt_mut,near_cliff,0.5
CC(O)C(=O)O.CN1CCN(c2ccc3c(c2)NC(=C2C(=O)N=c4cccc(F)c4=C2N)N3)CC1.O,KIT,KIT(D816V),KIT,8.1249387366083,5.853871964321762,2.271066772286538,wt,5023,1457,train,wt_mut,cliff,1.0
CC(O)C(=O)O.CN1CCN(c2ccc3c(c2)NC(=C2C(=O)N=c4cccc(F)c4=C2N)N3)CC1.O,KIT(L576P),KIT,KIT,8.795880017344075,8.1249387366083,0.6709412807357751,mut,3268,5023,train,wt_mut,cliff,1.0
CC(O)C(=O)O.CN1CCN(c2ccc3c(c2)NC(=C2C(=O)N=c4cccc(F)c4=C2N)N3)CC1.O,KIT,KIT(A829P),KIT,8.1249387366083,7.346787486224656,0.7781512503836439,wt,5023,7298,train,wt_mut,cliff,1.0
CC(O)C(=O)O.CN1CCN(c2ccc3c(c2)NC(=C2C(=O)N=c4cccc(F)c4=C2N)N3)CC1.O,KIT,KIT(D816H),KIT,8.1249387366083,6.769551078621726,1.355387657986574,wt,5023,19913,train,wt_mut,cliff,1.0
CNC1CC2OC(C)(C1OC)n1c3ccccc3c3c4c(c5c6ccccc6n2c5c31)C(=O)NC4,RET,RET(M918T),RET,7.823908740944319,7.552841968657781,0.2710667722865381,wt,8723,1476,train,wt_mut,near_cliff,0.5
COc1cc(Nc2ncc(F)c(Nc3ccc4c(n3)NC(=O)C(C)(C)O4)n2)cc(OC)c1OC.O=S(=O)(O)c1ccccc1,ABL1,ABL1(F317I)p,ABL1,6.275724130399211,5.0,1.2757241303992108,wt,17117,1533,train,wt_mut,cliff,1.0
COc1cc(Nc2ncc(F)c(Nc3ccc4c(n3)NC(=O)C(C)(C)O4)n2)cc(OC)c1OC.O=S(=O)(O)c1ccccc1,ABL1,ABL1(Y253F),ABL1,6.275724130399211,5.7447274948966935,0.5309966355025173,wt,17117,3078,train,wt_mut,cliff,1.0
COc1cc(Nc2ncc(F)c(Nc3ccc4c(n3)NC(=O)C(C)(C)O4)n2)cc(OC)c1OC.O=S(=O)(O)c1ccccc1,ABL1(T315I)p,ABL1,ABL1,6.721246399047171,6.275724130399211,0.4455222686479603,mut,3578,17117,train,wt_mut,near_cliff,0.5
COc1cc(Nc2ncc(F)c(Nc3ccc4c(n3)NC(=O)C(C)(C)O4)n2)cc(OC)c1OC.O=S(=O)(O)c1ccccc1,ABL1,ABL1(F317I),ABL1,6.275724130399211,5.0,1.2757241303992108,wt,17117,4357,train,wt_mut,cliff,1.0
COc1cc(Nc2ncc(F)c(Nc3ccc4c(n3)NC(=O)C(C)(C)O4)n2)cc(OC)c1OC.O=S(=O)(O)c1ccccc1,ABL1,ABL1(F317L)p,ABL1,6.275724130399211,5.0,1.2757241303992108,wt,17117,7656,train,wt_mut,cliff,1.0
COc1cc(Nc2ncc(F)c(Nc3ccc4c(n3)NC(=O)C(C)(C)O4)n2)cc(OC)c1OC.O=S(=O)(O)c1ccccc1,ABL1(E255K),ABL1,ABL1,6.657577319177793,6.275724130399211,0.38185318877858254,mut,12325,17117,train,wt_mut,near_cliff,0.5
COc1cc(Nc2ncc(F)c(Nc3ccc4c(n3)NC(=O)C(C)(C)O4)n2)cc(OC)c1OC.O=S(=O)(O)c1ccccc1,ABL1(H396P),ABL1,ABL1,6.769551078621726,6.275724130399211,0.49382694822251505,mut,13405,17117,train,wt_mut,near_cliff,0.5
COc1cc(Nc2ncc(F)c(Nc3ccc4c(n3)NC(=O)C(C)(C)O4)n2)cc(OC)c1OC.O=S(=O)(O)c1ccccc1,ABL1,ABL1(F317L),ABL1,6.275724130399211,5.0,1.2757241303992108,wt,17117,18251,train,wt_mut,cliff,1.0
CNC1CC2OC(C)(C1OC)n1c3ccccc3c3c4c(c5c6ccccc6n2c5c31)C(=O)NC4,LRRK2(G2019S),LRRK2,LRRK2,9.4089353929735,8.508638306165727,0.9002970868077735,mut,1540,12646,train,wt_mut,cliff,1.0
COc1cc2ncnc(Nc3ccc(F)c(Cl)c3)c2cc1OCCCN1CCOCC1,EGFR,EGFR(T790M),EGFR,9.0,7.397940008672037,1.6020599913279634,wt,10578,1561,train,wt_mut,cliff,1.0
COc1cc2ncnc(Nc3ccc(F)c(Cl)c3)c2cc1OCCCN1CCOCC1,EGFR,EGFR(G719C),EGFR,9.0,8.698970004336019,0.30102999566398125,wt,10578,18006,train,wt_mut,near_cliff,0.5
CC(O)C(=O)O.CN1CCN(c2ccc3c(c2)NC(=C2C(=O)N=c4cccc(F)c4=C2N)N3)CC1.O,ABL1(Q252H)p,ABL1,ABL1,7.236572006437063,7.0,0.2365720064370631,mut,1582,19978,train,wt_mut,near_cliff,0.5
CC(O)C(=O)O.CN1CCN(c2ccc3c(c2)NC(=C2C(=O)N=c4cccc(F)c4=C2N)N3)CC1.O,ABL1(M351T),ABL1,ABL1,7.318758762624412,7.0,0.3187587626244124,mut,2711,19978,train,wt_mut,near_cliff,0.5
CC(O)C(=O)O.CN1CCN(c2ccc3c(c2)NC(=C2C(=O)N=c4cccc(F)c4=C2N)N3)CC1.O,ABL1(H396P),ABL1,ABL1,7.376750709602099,7.0,0.3767507096020992,mut,3261,19978,train,wt_mut,near_cliff,0.5
CC(O)C(=O)O.CN1CCN(c2ccc3c(c2)NC(=C2C(=O)N=c4cccc(F)c4=C2N)N3)CC1.O,ABL1,ABL1(F317I)p,ABL1,7.0,5.346787486224656,1.653212513775344,wt,19978,6904,train,wt_mut,cliff,1.0
CC(O)C(=O)O.CN1CCN(c2ccc3c(c2)NC(=C2C(=O)N=c4cccc(F)c4=C2N)N3)CC1.O,ABL1(H396P)p,ABL1,ABL1,7.221848749616356,7.0,0.22184874961635614,mut,7607,19978,train,wt_mut,near_cliff,0.5
CC(O)C(=O)O.CN1CCN(c2ccc3c(c2)NC(=C2C(=O)N=c4cccc(F)c4=C2N)N3)CC1.O,ABL1,ABL1(F317L),ABL1,7.0,5.823908740944319,1.1760912590556813,wt,19978,13071,train,wt_mut,cliff,1.0
CC(O)C(=O)O.CN1CCN(c2ccc3c(c2)NC(=C2C(=O)N=c4cccc(F)c4=C2N)N3)CC1.O,ABL1,ABL1(F317I),ABL1,7.0,5.0,2.0,wt,19978,13213,train,wt_mut,cliff,1.0
CC(O)C(=O)O.CN1CCN(c2ccc3c(c2)NC(=C2C(=O)N=c4cccc(F)c4=C2N)N3)CC1.O,ABL1,ABL1(F317L)p,ABL1,7.0,5.958607314841775,1.0413926851582254,wt,19978,15563,train,wt_mut,cliff,1.0
CC(O)C(=O)O.CN1CCN(c2ccc3c(c2)NC(=C2C(=O)N=c4cccc(F)c4=C2N)N3)CC1.O,ABL1(T315I)p,ABL1,ABL1,7.508638306165727,7.0,0.5086383061657269,mut,17855,19978,train,wt_mut,cliff,1.0
CC(O)C(=O)O.CN1CCN(c2ccc3c(c2)NC(=C2C(=O)N=c4cccc(F)c4=C2N)N3)CC1.O,ABL1(Y253F),ABL1,ABL1,7.337242168318426,7.0,0.3372421683184257,mut,21010,19978,train,wt_mut,near_cliff,0.5
CC1(C)CNc2cc(NC(=O)c3cccnc3NCc3ccncc3)ccc21,ABL1,ABL1(Y253F),ABL1,6.167491087293763,5.346787486224656,0.8207036010691073,wt,7538,1653,train,wt_mut,cliff,1.0
CC1(C)CNc2cc(NC(=O)c3cccnc3NCc3ccncc3)ccc21,ABL1,ABL1(F317L)p,ABL1,6.167491087293763,5.113509274827518,1.0539818124662457,wt,7538,3838,train,wt_mut,cliff,1.0
CC1(C)CNc2cc(NC(=O)c3cccnc3NCc3ccncc3)ccc21,ABL1,ABL1(F317I)p,ABL1,6.167491087293763,5.0,1.1674910872937634,wt,7538,4501,train,wt_mut,cliff,1.0
CC1(C)CNc2cc(NC(=O)c3cccnc3NCc3ccncc3)ccc21,ABL1,ABL1(E255K),ABL1,6.167491087293763,5.0,1.1674910872937634,wt,7538,10460,train,wt_mut,cliff,1.0
CC1(C)CNc2cc(NC(=O)c3cccnc3NCc3ccncc3)ccc21,ABL1,ABL1(T315I)p,ABL1,6.167491087293763,5.0,1.1674910872937634,wt,7538,17297,train,wt_mut,cliff,1.0
CC1(C)CNc2cc(NC(=O)c3cccnc3NCc3ccncc3)ccc21,ABL1,ABL1(M351T),ABL1,6.167491087293763,5.0,1.1674910872937634,wt,7538,18654,train,wt_mut,cliff,1.0
CC1(C)CNc2cc(NC(=O)c3cccnc3NCc3ccncc3)ccc21,ABL1,ABL1(H396P),ABL1,6.167491087293763,5.853871964321762,0.31361912297200156,wt,7538,20269,train,wt_mut,near_cliff,0.5
CC1(C)CNc2cc(NC(=O)c3cccnc3NCc3ccncc3)ccc21,ABL1,ABL1(H396P)p,ABL1,6.167491087293763,5.0,1.1674910872937634,wt,7538,21846,train,wt_mut,cliff,1.0
CC1(C)CNc2cc(NC(=O)c3cccnc3NCc3ccncc3)ccc21,ABL1,ABL1(Q252H)p,ABL1,6.167491087293763,5.0,1.1674910872937634,wt,7538,21854,train,wt_mut,cliff,1.0
CC1(C)CNc2cc(NC(=O)c3cccnc3NCc3ccncc3)ccc21,ABL1,ABL1(F317I),ABL1,6.167491087293763,5.3979400086720375,0.7695510786217259,wt,7538,23552,train,wt_mut,cliff,1.0
CC1(C)CNc2cc(NC(=O)c3cccnc3NCc3ccncc3)ccc21,ABL1,ABL1(T315I),ABL1,6.167491087293763,5.0,1.1674910872937634,wt,7538,23924,train,wt_mut,cliff,1.0
CNC1CC2OC(C)(C1OC)n1c3ccccc3c3c4c(c5c6ccccc6n2c5c31)C(=O)NC4,EGFR,EGFR(G719C),EGFR,6.431798275933005,5.958607314841775,0.4731909610912304,wt,22945,6022,train,wt_mut,near_cliff,0.5
CNC1CC2OC(C)(C1OC)n1c3ccccc3c3c4c(c5c6ccccc6n2c5c31)C(=O)NC4,EGFR,EGFR(L861Q),EGFR,6.431798275933005,6.221848749616356,0.20994952631664887,wt,22945,15560,train,wt_mut,near_cliff,0.5
CNC1CC2OC(C)(C1OC)n1c3ccccc3c3c4c(c5c6ccccc6n2c5c31)C(=O)NC4,EGFR(T790M),EGFR,EGFR,9.113509274827518,6.431798275933005,2.6817109988945127,mut,17762,22945,train,wt_mut,cliff,1.0
CNC1CC2OC(C)(C1OC)n1c3ccccc3c3c4c(c5c6ccccc6n2c5c31)C(=O)NC4,EGFR,EGFR(G719S),EGFR,6.431798275933005,5.958607314841775,0.4731909610912304,wt,22945,18923,train,wt_mut,near_cliff,0.5
C#Cc1cccc(Nc2ncnc3cc(OCCOC)c(OCCOC)cc23)c1,RET,RET(V804L),RET,5.886056647693163,5.0,0.8860566476931631,wt,1737,5869,train,wt_mut,cliff,1.0
C#Cc1cccc(Nc2ncnc3cc(OCCOC)c(OCCOC)cc23)c1,RET(M918T),RET,RET,6.481486060122113,5.886056647693163,0.5954294124289499,mut,16357,1737,train,wt_mut,cliff,1.0
C#Cc1cccc(Nc2ncnc3cc(OCCOC)c(OCCOC)cc23)c1,RET,RET(V804M),RET,5.886056647693163,5.0,0.8860566476931631,wt,1737,22661,train,wt_mut,cliff,1.0
Cc1[nH]c(C=C2C(=O)Nc3ccc(F)cc32)c(C)c1C(=O)NCC(O)CN1CCOCC1,RET(V804M),RET,RET,7.853871964321762,7.431798275933005,0.4220736883887568,mut,4322,23702,train,wt_mut,near_cliff,0.5
Cc1[nH]c(C=C2C(=O)Nc3ccc(F)cc32)c(C)c1C(=O)NCC(O)CN1CCOCC1,RET(V804L),RET,RET,7.744727494896693,7.431798275933005,0.31292921896368764,mut,17346,23702,train,wt_mut,near_cliff,0.5
N#CCC(C1CCCC1)n1cc(-c2ncnc3[nH]ccc23)cn1.O=P(O)(O)O,ABL1(F317L)p,ABL1,ABL1,5.657577319177793,5.431798275933005,0.22577904324478837,mut,1765,6492,train,wt_mut,near_cliff,0.5
N#CCC(C1CCCC1)n1cc(-c2ncnc3[nH]ccc23)cn1.O=P(O)(O)O,ABL1,ABL1(F317I),ABL1,5.431798275933005,5.0,0.431798275933005,wt,6492,6570,train,wt_mut,near_cliff,0.5
N#CCC(C1CCCC1)n1cc(-c2ncnc3[nH]ccc23)cn1.O=P(O)(O)O,ABL1,ABL1(F317I)p,ABL1,5.431798275933005,5.0,0.431798275933005,wt,6492,9831,train,wt_mut,near_cliff,0.5
N#CCC(C1CCCC1)n1cc(-c2ncnc3[nH]ccc23)cn1.O=P(O)(O)O,ABL1(H396P),ABL1,ABL1,5.958607314841775,5.431798275933005,0.5268090389087696,mut,12470,6492,train,wt_mut,cliff,1.0
N#CCC(C1CCCC1)n1cc(-c2ncnc3[nH]ccc23)cn1.O=P(O)(O)O,ABL1(E255K),ABL1,ABL1,5.657577319177793,5.431798275933005,0.22577904324478837,mut,12711,6492,train,wt_mut,near_cliff,0.5
N#CCC(C1CCCC1)n1cc(-c2ncnc3[nH]ccc23)cn1.O=P(O)(O)O,ABL1,ABL1(F317L),ABL1,5.431798275933005,5.022276394711152,0.4095218812218526,wt,6492,13738,train,wt_mut,near_cliff,0.5
N#CCC(C1CCCC1)n1cc(-c2ncnc3[nH]ccc23)cn1.O=P(O)(O)O,ABL1,ABL1(T315I),ABL1,5.431798275933005,5.0,0.431798275933005,wt,6492,14268,train,wt_mut,near_cliff,0.5
N#CCC(C1CCCC1)n1cc(-c2ncnc3[nH]ccc23)cn1.O=P(O)(O)O,ABL1,ABL1(T315I)p,ABL1,5.431798275933005,5.0,0.431798275933005,wt,6492,17339,train,wt_mut,near_cliff,0.5
N#CCC(C1CCCC1)n1cc(-c2ncnc3[nH]ccc23)cn1.O=P(O)(O)O,ABL1,ABL1(Y253F),ABL1,5.431798275933005,5.0,0.431798275933005,wt,6492,20788,train,wt_mut,near_cliff,0.5
N#CCC(C1CCCC1)n1cc(-c2ncnc3[nH]ccc23)cn1.O=P(O)(O)O,ABL1,ABL1(M351T),ABL1,5.431798275933005,5.2076083105017466,0.22418996543125846,wt,6492,20898,train,wt_mut,near_cliff,0.5
N#CCC(C1CCCC1)n1cc(-c2ncnc3[nH]ccc23)cn1.O=P(O)(O)O,ABL1(Q252H),ABL1,ABL1,5.698970004336019,5.431798275933005,0.26717172840301373,mut,21299,6492,train,wt_mut,near_cliff,0.5
N#CCC(C1CCCC1)n1cc(-c2ncnc3[nH]ccc23)cn1.O=P(O)(O)O,ABL1,ABL1(H396P)p,ABL1,5.431798275933005,5.0,0.431798275933005,wt,6492,21981,train,wt_mut,near_cliff,0.5
CNC(=O)c1ccccc1Sc1ccc2c(C=Cc3ccccn3)n[nH]c2c1,ABL1,ABL1(F317L),ABL1,7.075720713938118,6.080921907623926,0.9947988063141917,wt,1819,1774,train,wt_mut,cliff,1.0
CNC(=O)c1ccccc1Sc1ccc2c(C=Cc3ccccn3)n[nH]c2c1,ABL1,ABL1(F317I)p,ABL1,7.075720713938118,6.096910013008056,0.9788107009300617,wt,1819,8013,train,wt_mut,cliff,1.0
CNC(=O)c1ccccc1Sc1ccc2c(C=Cc3ccccn3)n[nH]c2c1,ABL1(H396P),ABL1,ABL1,7.698970004336019,7.075720713938118,0.6232492903979008,mut,8106,1819,train,wt_mut,cliff,1.0
CNC(=O)c1ccccc1Sc1ccc2c(C=Cc3ccccn3)n[nH]c2c1,ABL1,ABL1(Q252H)p,ABL1,7.075720713938118,6.698970004336019,0.3767507096020992,wt,1819,11246,train,wt_mut,near_cliff,0.5
CNC(=O)c1ccccc1Sc1ccc2c(C=Cc3ccccn3)n[nH]c2c1,ABL1,ABL1(F317L)p,ABL1,7.075720713938118,6.481486060122113,0.594234653816005,wt,1819,11798,train,wt_mut,cliff,1.0
CNC(=O)c1ccccc1Sc1ccc2c(C=Cc3ccccn3)n[nH]c2c1,ABL1(T315I),ABL1,ABL1,8.443697499232712,7.075720713938118,1.3679767852945943,mut,13515,1819,train,wt_mut,cliff,1.0
CNC(=O)c1ccccc1Sc1ccc2c(C=Cc3ccccn3)n[nH]c2c1,ABL1(H396P)p,ABL1,ABL1,7.638272163982407,7.075720713938118,0.562551450044289,mut,14320,1819,train,wt_mut,cliff,1.0
CNC(=O)c1ccccc1Sc1ccc2c(C=Cc3ccccn3)n[nH]c2c1,ABL1,ABL1(F317I),ABL1,7.075720713938118,5.585026652029182,1.4906940619089362,wt,1819,15188,train,wt_mut,cliff,1.0
CNC(=O)c1ccccc1Sc1ccc2c(C=Cc3ccccn3)n[nH]c2c1,ABL1(M351T),ABL1,ABL1,7.443697499232713,7.075720713938118,0.3679767852945952,mut,15945,1819,train,wt_mut,near_cliff,0.5
CNC(=O)c1ccccc1Sc1ccc2c(C=Cc3ccccn3)n[nH]c2c1,ABL1(T315I)p,ABL1,ABL1,8.823908740944319,7.075720713938118,1.7481880270062007,mut,17048,1819,train,wt_mut,cliff,1.0
CNC(=O)c1ccccc1Sc1ccc2c(C=Cc3ccccn3)n[nH]c2c1,ABL1,ABL1(Q252H),ABL1,7.075720713938118,6.537602002101044,0.5381187118370736,wt,1819,20785,train,wt_mut,cliff,1.0
CNC(=O)c1ccccc1Sc1ccc2c(C=Cc3ccccn3)n[nH]c2c1,ABL1,ABL1(Y253F),ABL1,7.075720713938118,6.638272163982407,0.43744854995571103,wt,1819,23528,train,wt_mut,near_cliff,0.5
COc1cc2c(Oc3ccc4[nH]c(C)cc4c3F)ncnc2cc1OCCCN1CCCC1,KIT,KIT(D816V),KIT,9.42021640338319,6.4089353929735005,3.0112810104096894,wt,23349,11116,train,wt_mut,cliff,1.0
COc1cc2c(Oc3ccc4[nH]c(C)cc4c3F)ncnc2cc1OCCCN1CCCC1,KIT,KIT(D816H),KIT,9.42021640338319,6.086186147616283,3.3340302557669066,wt,23349,12420,train,wt_mut,cliff,1.0
COc1cc2c(Oc3ccc4[nH]c(C)cc4c3F)ncnc2cc1OCCCN1CCCC1,KIT,KIT(A829P),KIT,9.42021640338319,7.008773924307505,2.411442479075685,wt,23349,19379,train,wt_mut,cliff,1.0
COC1C(N(C)C(=O)c2ccccc2)CC2OC1(C)n1c3ccccc3c3c4c(c5c6ccccc6n2c5c31)C(=O)NC4,EGFR,EGFR(G719S),EGFR,5.886056647693163,5.275724130399211,0.6103325172939522,wt,16736,11602,train,wt_mut,cliff,1.0
COC1C(N(C)C(=O)c2ccccc2)CC2OC1(C)n1c3ccccc3c3c4c(c5c6ccccc6n2c5c31)C(=O)NC4,EGFR(L858R),EGFR,EGFR,6.119186407719209,5.886056647693163,0.23312976002604557,mut,12783,16736,train,wt_mut,near_cliff,0.5
COC1C(N(C)C(=O)c2ccccc2)CC2OC1(C)n1c3ccccc3c3c4c(c5c6ccccc6n2c5c31)C(=O)NC4,EGFR(T790M),EGFR,EGFR,8.008773924307505,5.886056647693163,2.122717276614342,mut,19282,16736,train,wt_mut,cliff,1.0
COC1C(N(C)C(=O)c2ccccc2)CC2OC1(C)n1c3ccccc3c3c4c(c5c6ccccc6n2c5c31)C(=O)NC4,EGFR,EGFR(L861Q),EGFR,5.886056647693163,5.552841968657781,0.3332146790353825,wt,16736,22597,train,wt_mut,near_cliff,0.5
Cc1cn(-c2cc(NC(=O)c3ccc(C)c(Nc4nccc(-c5cccnc5)n4)c3)cc(C(F)(F)F)c2)cn1,ABL1,ABL1(F317I)p,ABL1,8.0,7.251811972993799,0.7481880270062007,wt,17892,3000,train,wt_mut,cliff,1.0
Cc1cn(-c2cc(NC(=O)c3ccc(C)c(Nc4nccc(-c5cccnc5)n4)c3)cc(C(F)(F)F)c2)cn1,ABL1,ABL1(T315I),ABL1,8.0,6.180456064458132,1.8195439355418683,wt,17892,6380,train,wt_mut,cliff,1.0
Cc1cn(-c2cc(NC(=O)c3ccc(C)c(Nc4nccc(-c5cccnc5)n4)c3)cc(C(F)(F)F)c2)cn1,ABL1,ABL1(F317I),ABL1,8.0,7.744727494896693,0.25527250510330735,wt,17892,6606,train,wt_mut,near_cliff,0.5
Cc1cn(-c2cc(NC(=O)c3ccc(C)c(Nc4nccc(-c5cccnc5)n4)c3)cc(C(F)(F)F)c2)cn1,ABL1,ABL1(Q252H)p,ABL1,8.0,7.67778070526608,0.3222192947339204,wt,17892,8604,train,wt_mut,near_cliff,0.5
Cc1cn(-c2cc(NC(=O)c3ccc(C)c(Nc4nccc(-c5cccnc5)n4)c3)cc(C(F)(F)F)c2)cn1,ABL1(H396P),ABL1,ABL1,8.309803919971486,8.0,0.30980391997148615,mut,16536,17892,train,wt_mut,near_cliff,0.5
Cc1cn(-c2cc(NC(=O)c3ccc(C)c(Nc4nccc(-c5cccnc5)n4)c3)cc(C(F)(F)F)c2)cn1,ABL1,ABL1(T315I)p,ABL1,8.0,5.0,3.0,wt,17892,21390,train,wt_mut,cliff,1.0
Cc1cn(-c2cc(NC(=O)c3ccc(C)c(Nc4nccc(-c5cccnc5)n4)c3)cc(C(F)(F)F)c2)cn1,ABL1,ABL1(E255K),ABL1,8.0,7.443697499232713,0.5563025007672868,wt,17892,22544,train,wt_mut,cliff,1.0
Cc1cn(-c2cc(NC(=O)c3ccc(C)c(Nc4nccc(-c5cccnc5)n4)c3)cc(C(F)(F)F)c2)cn1,ABL1,ABL1(H396P)p,ABL1,8.0,7.67778070526608,0.3222192947339204,wt,17892,22731,train,wt_mut,near_cliff,0.5
Cc1ccc(NC(=O)c2ccc(CN3CCN(C)CC3)cc2)cc1Nc1nc(-c2cccnc2)cs1,ABL1,ABL1(F317L),ABL1,8.67778070526608,8.0,0.6777807052660805,wt,16986,1914,train,wt_mut,cliff,1.0
Cc1ccc(NC(=O)c2ccc(CN3CCN(C)CC3)cc2)cc1Nc1nc(-c2cccnc2)cs1,ABL1,ABL1(H396P),ABL1,8.67778070526608,7.958607314841775,0.7191733904243058,wt,16986,3071,train,wt_mut,cliff,1.0
Cc1ccc(NC(=O)c2ccc(CN3CCN(C)CC3)cc2)cc1Nc1nc(-c2cccnc2)cs1,ABL1,ABL1(M351T),ABL1,8.67778070526608,6.853871964321762,1.8239087409443187,wt,16986,3395,train,wt_mut,cliff,1.0
Cc1ccc(NC(=O)c2ccc(CN3CCN(C)CC3)cc2)cc1Nc1nc(-c2cccnc2)cs1,ABL1,ABL1(Q252H)p,ABL1,8.67778070526608,8.337242168318426,0.3405385369476548,wt,16986,8459,train,wt_mut,near_cliff,0.5
Cc1ccc(NC(=O)c2ccc(CN3CCN(C)CC3)cc2)cc1Nc1nc(-c2cccnc2)cs1,ABL1,ABL1(H396P)p,ABL1,8.67778070526608,6.853871964321762,1.8239087409443187,wt,16986,9439,train,wt_mut,cliff,1.0
Cc1ccc(NC(=O)c2ccc(CN3CCN(C)CC3)cc2)cc1Nc1nc(-c2cccnc2)cs1,ABL1,ABL1(F317I)p,ABL1,8.67778070526608,7.107905397309519,1.5698753079565613,wt,16986,10404,train,wt_mut,cliff,1.0
Cc1ccc(NC(=O)c2ccc(CN3CCN(C)CC3)cc2)cc1Nc1nc(-c2cccnc2)cs1,ABL1,ABL1(F317L)p,ABL1,8.67778070526608,6.958607314841775,1.7191733904243058,wt,16986,10452,train,wt_mut,cliff,1.0
Cc1ccc(NC(=O)c2ccc(CN3CCN(C)CC3)cc2)cc1Nc1nc(-c2cccnc2)cs1,ABL1,ABL1(Q252H),ABL1,8.67778070526608,8.221848749616356,0.45593195564972433,wt,16986,15662,train,wt_mut,near_cliff,0.5
Cc1ccc(NC(=O)c2ccc(CN3CCN(C)CC3)cc2)cc1Nc1nc(-c2cccnc2)cs1,ABL1,ABL1(F317I),ABL1,8.67778070526608,8.096910013008056,0.5808706922580242,wt,16986,16825,train,wt_mut,cliff,1.0
Cc1ccc(NC(=O)c2ccc(CN3CCN(C)CC3)cc2)cc1Nc1nc(-c2cccnc2)cs1,ABL1,ABL1(T315I)p,ABL1,8.67778070526608,5.0,3.6777807052660805,wt,16986,18570,train,wt_mut,cliff,1.0
Cc1ccc(NC(=O)c2ccc(CN3CCN(C)CC3)cc2)cc1Nc1nc(-c2cccnc2)cs1,ABL1,ABL1(T315I),ABL1,8.67778070526608,5.0,3.6777807052660805,wt,16986,20787,train,wt_mut,cliff,1.0
Cc1ccc(NC(=O)c2ccc(CN3CCN(C)CC3)cc2)cc1Nc1nc(-c2cccnc2)cs1,ABL1,ABL1(E255K),ABL1,8.67778070526608,6.853871964321762,1.8239087409443187,wt,16986,22599,train,wt_mut,cliff,1.0
Cc1ccc(NC(=O)c2ccc(CN3CCN(C)CC3)cc2)cc1Nc1nc(-c2cccnc2)cs1,ABL1,ABL1(Y253F),ABL1,8.67778070526608,7.602059991327962,1.0757207139381189,wt,16986,22745,train,wt_mut,cliff,1.0
C#Cc1cccc(Nc2ncnc3cc(OCCOC)c(OCCOC)cc23)c1,EGFR,EGFR(L861Q),EGFR,9.173925197299171,8.920818753952375,0.25310644334679644,wt,8735,7447,train,wt_mut,near_cliff,0.5
C#Cc1cccc(Nc2ncnc3cc(OCCOC)c(OCCOC)cc23)c1,EGFR,EGFR(T790M),EGFR,9.173925197299171,6.853871964321762,2.3200532329774095,wt,8735,14972,train,wt_mut,cliff,1.0
CN(C)CC=CC(=O)Nc1cc2c(Nc3ccc(F)c(Cl)c3)ncnc2cc1OC1CCOC1,EGFR(G719C),EGFR,EGFR,10.0,9.602059991327964,0.3979400086720357,mut,5624,3026,train,wt_mut,near_cliff,0.5
CN(C)CC=CC(=O)Nc1cc2c(Nc3ccc(F)c(Cl)c3)ncnc2cc1OC1CCOC1,EGFR,EGFR(T790M),EGFR,9.602059991327964,9.214670164989233,0.3873898263387314,wt,3026,15767,train,wt_mut,near_cliff,0.5
CCCS(=O)(=O)Nc1ccc(F)c(C(=O)c2c[nH]c3ncc(Cl)cc23)c1F,KIT,KIT(D816V),KIT,6.7447274948966935,5.508638306165727,1.2360891887309666,wt,2064,4347,train,wt_mut,cliff,1.0
CCCS(=O)(=O)Nc1ccc(F)c(C(=O)c2c[nH]c3ncc(Cl)cc23)c1F,KIT,KIT(L576P),KIT,6.7447274948966935,6.3979400086720375,0.34678748622465605,wt,2064,5929,train,wt_mut,near_cliff,0.5
CCCS(=O)(=O)Nc1ccc(F)c(C(=O)c2c[nH]c3ncc(Cl)cc23)c1F,KIT,KIT(D816H),KIT,6.7447274948966935,5.0,1.7447274948966935,wt,2064,8673,train,wt_mut,cliff,1.0
CCCS(=O)(=O)Nc1ccc(F)c(C(=O)c2c[nH]c3ncc(Cl)cc23)c1F,KIT(V559D),KIT,KIT,7.42021640338319,6.7447274948966935,0.6754889084864963,mut,14872,2064,train,wt_mut,cliff,1.0
CCCS(=O)(=O)Nc1ccc(F)c(C(=O)c2c[nH]c3ncc(Cl)cc23)c1F,KIT,KIT(A829P),KIT,6.7447274948966935,5.236572006437063,1.5081554884596304,wt,2064,23929,train,wt_mut,cliff,1.0
CCN(CCO)CCCOc1ccc2c(Nc3cc(CC(=O)Nc4cccc(F)c4)[nH]n3)ncnc2c1,KIT,KIT(D816V),KIT,7.769551078621726,5.337242168318426,2.4323089103033,wt,14330,2389,train,wt_mut,cliff,1.0
CCN(CCO)CCCOc1ccc2c(Nc3cc(CC(=O)Nc4cccc(F)c4)[nH]n3)ncnc2c1,KIT,KIT(D816H),KIT,7.769551078621726,5.537602002101044,2.2319490765206815,wt,14330,2581,train,wt_mut,cliff,1.0
CCN(CCO)CCCOc1ccc2c(Nc3cc(CC(=O)Nc4cccc(F)c4)[nH]n3)ncnc2c1,KIT,KIT(L576P),KIT,7.769551078621726,7.468521082957745,0.30102999566398125,wt,14330,17592,train,wt_mut,near_cliff,0.5
CCN(CCO)CCCOc1ccc2c(Nc3cc(CC(=O)Nc4cccc(F)c4)[nH]n3)ncnc2c1,KIT,KIT(A829P),KIT,7.769551078621726,6.221848749616356,1.5477023290053697,wt,14330,19260,train,wt_mut,cliff,1.0
Cc1[nH]c(C=C2C(=O)Nc3ccc(F)cc32)c(C)c1C(=O)NCC(O)CN1CCOCC1,EGFR(T790M),EGFR,EGFR,5.481486060122113,5.0,0.4814860601221129,mut,6093,10178,train,wt_mut,near_cliff,0.5
CC1(C)CNc2cc(NC(=O)c3cccnc3NCc3ccncc3)ccc21,EGFR,EGFR(T790M),EGFR,5.886056647693163,5.0,0.8860566476931631,wt,20946,2157,train,wt_mut,cliff,1.0
CC1(C)CNc2cc(NC(=O)c3cccnc3NCc3ccncc3)ccc21,EGFR,EGFR(L861Q),EGFR,5.886056647693163,5.4089353929735005,0.4771212547196626,wt,20946,8748,train,wt_mut,near_cliff,0.5
CC1(C)CNc2cc(NC(=O)c3cccnc3NCc3ccncc3)ccc21,EGFR,EGFR(L858R),EGFR,5.886056647693163,5.1487416512809245,0.7373149964122385,wt,20946,17860,train,wt_mut,cliff,1.0
CC1(C)CNc2cc(NC(=O)c3cccnc3NCc3ccncc3)ccc21,EGFR,EGFR(G719C),EGFR,5.886056647693163,5.638272163982407,0.24778448371075612,wt,20946,19230,train,wt_mut,near_cliff,0.5
COC(=O)c1ccc2c(c1)NC(=O)C2=C(Nc1ccc(N(C)C(=O)CN2CCN(C)CC2)cc1)c1ccccc1,RET(V804L),RET,RET,8.008773924307505,7.508638306165727,0.500135618141778,mut,2222,15458,train,wt_mut,cliff,1.0
COC(=O)c1ccc2c(c1)NC(=O)C2=C(Nc1ccc(N(C)C(=O)CN2CCN(C)CC2)cc1)c1ccccc1,RET(V804M),RET,RET,8.017728766960431,7.508638306165727,0.5090904607947042,mut,3591,15458,train,wt_mut,cliff,1.0
Cc1cc(Nc2cc(N3CCN(C)CC3)nc(Sc3ccc(NC(=O)C4CC4)cc3)n2)n[nH]1,MET(Y1235D),MET,MET,6.443697499232713,6.173925197299173,0.26977230193354007,mut,2241,11411,train,wt_mut,near_cliff,0.5
Cc1cnc(Nc2ccc(OCCN3CCCC3)cc2)nc1Nc1cccc(S(=O)(=O)NC(C)(C)C)c1,RET(V804L),RET,RET,7.1487416512809245,6.886056647693163,0.2626850035877615,mut,2247,14151,train,wt_mut,near_cliff,0.5
Cc1cnc(Nc2ccc(OCCN3CCCC3)cc2)nc1Nc1cccc(S(=O)(=O)NC(C)(C)C)c1,RET(V804M),RET,RET,7.091514981121351,6.886056647693163,0.2054583334281883,mut,5503,14151,train,wt_mut,near_cliff,0.5
COc1cc(Nc2ncc(F)c(Nc3ccc4c(n3)NC(=O)C(C)(C)O4)n2)cc(OC)c1OC.O=S(=O)(O)c1ccccc1,MET,MET(Y1235D),MET,6.552841968657781,6.119186407719209,0.43365556093857194,wt,12276,18642,train,wt_mut,near_cliff,0.5
CCC1C(=O)N(C)c2cnc(Nc3ccc(C(=O)NC4CCN(C)CC4)cc3OC)nc2N1C1CCCC1,ABL1(H396P)p,ABL1,ABL1,5.585026652029182,5.0,0.5850266520291818,mut,4185,23713,train,wt_mut,cliff,1.0
CCC1C(=O)N(C)c2cnc(Nc3ccc(C(=O)NC4CCN(C)CC4)cc3OC)nc2N1C1CCCC1,ABL1(E255K),ABL1,ABL1,5.229147988357856,5.0,0.2291479883578562,mut,16818,23713,train,wt_mut,near_cliff,0.5
CCC1C(=O)N(C)c2cnc(Nc3ccc(C(=O)NC4CCN(C)CC4)cc3OC)nc2N1C1CCCC1,ABL1(H396P),ABL1,ABL1,5.698970004336019,5.0,0.6989700043360187,mut,19331,23713,train,wt_mut,cliff,1.0
CCC1C(=O)N(C)c2cnc(Nc3ccc(C(=O)NC4CCN(C)CC4)cc3OC)nc2N1C1CCCC1,ABL1(F317L)p,ABL1,ABL1,5.619788758288394,5.0,0.6197887582883936,mut,22033,23713,train,wt_mut,cliff,1.0
Cc1nc(Nc2ncc(C(=O)Nc3c(C)cccc3Cl)s2)cc(N2CCN(CCO)CC2)n1,KIT,KIT(D816V),KIT,9.09151498112135,8.585026652029182,0.5064883290921678,wt,12484,3533,train,wt_mut,cliff,1.0
Cc1nc(Nc2ncc(C(=O)Nc3c(C)cccc3Cl)s2)cc(N2CCN(CCO)CC2)n1,KIT,KIT(D816H),KIT,9.09151498112135,8.795880017344075,0.2956349637772746,wt,12484,7208,train,wt_mut,near_cliff,0.5
COc1cc2c(Oc3ccc4[nH]c(C)cc4c3F)ncnc2cc1OCCCN1CCCC1,FLT3(K663Q),FLT3,FLT3,5.638272163982407,5.0,0.6382721639824069,mut,10112,11535,train,wt_mut,cliff,1.0
CCN(CC)CCNC(=O)c1c(C)[nH]c(C=C2C(=O)Nc3ccc(F)cc32)c1C,KIT,KIT(D816H),KIT,9.431798275933003,6.958607314841775,2.4731909610912286,wt,10540,2358,train,wt_mut,cliff,1.0
CCN(CC)CCNC(=O)c1c(C)[nH]c(C=C2C(=O)Nc3ccc(F)cc32)c1C,KIT,KIT(L576P),KIT,9.431798275933003,8.886056647693163,0.5457416282398402,wt,10540,2794,train,wt_mut,cliff,1.0
CCN(CC)CCNC(=O)c1c(C)[nH]c(C=C2C(=O)Nc3ccc(F)cc32)c1C,KIT,KIT(D816V),KIT,9.431798275933003,6.42021640338319,3.0115818725498134,wt,10540,8793,train,wt_mut,cliff,1.0
CCN(CC)CCNC(=O)c1c(C)[nH]c(C=C2C(=O)Nc3ccc(F)cc32)c1C,KIT,KIT(A829P),KIT,9.431798275933003,7.366531544420414,2.0652667315125894,wt,10540,16019,train,wt_mut,cliff,1.0
Cn1c(Nc2ccc(C(F)(F)F)cc2)nc2cc(Oc3ccnc(-c4ncc(C(F)(F)F)[nH]4)c3)ccc21,ABL1,ABL1(H396P),ABL1,6.522878745280337,6.036212172654444,0.48666657262589297,wt,2471,6521,train,wt_mut,near_cliff,0.5
Cn1c(Nc2ccc(C(F)(F)F)cc2)nc2cc(Oc3ccnc(-c4ncc(C(F)(F)F)[nH]4)c3)ccc21,ABL1,ABL1(F317L),ABL1,6.522878745280337,5.619788758288394,0.9030899869919438,wt,2471,11832,train,wt_mut,cliff,1.0
Cn1c(Nc2ccc(C(F)(F)F)cc2)nc2cc(Oc3ccnc(-c4ncc(C(F)(F)F)[nH]4)c3)ccc21,ABL1,ABL1(T315I),ABL1,6.522878745280337,5.214670164989233,1.3082085802911045,wt,2471,13821,train,wt_mut,cliff,1.0
Cn1c(Nc2ccc(C(F)(F)F)cc2)nc2cc(Oc3ccnc(-c4ncc(C(F)(F)F)[nH]4)c3)ccc21,ABL1,ABL1(H396P)p,ABL1,6.522878745280337,5.251811972993799,1.271066772286538,wt,2471,16663,train,wt_mut,cliff,1.0
Cn1c(Nc2ccc(C(F)(F)F)cc2)nc2cc(Oc3ccnc(-c4ncc(C(F)(F)F)[nH]4)c3)ccc21,ABL1,ABL1(F317I),ABL1,6.522878745280337,5.107905397309519,1.4149733479708182,wt,2471,18377,train,wt_mut,cliff,1.0
Cn1c(Nc2ccc(C(F)(F)F)cc2)nc2cc(Oc3ccnc(-c4ncc(C(F)(F)F)[nH]4)c3)ccc21,ABL1,ABL1(Y253F),ABL1,6.522878745280337,5.568636235841013,0.9542425094393243,wt,2471,18504,train,wt_mut,cliff,1.0
Cn1c(Nc2ccc(C(F)(F)F)cc2)nc2cc(Oc3ccnc(-c4ncc(C(F)(F)F)[nH]4)c3)ccc21,ABL1,ABL1(T315I)p,ABL1,6.522878745280337,5.0,1.5228787452803374,wt,2471,18585,train,wt_mut,cliff,1.0
Cn1c(Nc2ccc(C(F)(F)F)cc2)nc2cc(Oc3ccnc(-c4ncc(C(F)(F)F)[nH]4)c3)ccc21,ABL1,ABL1(Q252H)p,ABL1,6.522878745280337,5.130768280269024,1.3921104650113136,wt,2471,19207,train,wt_mut,cliff,1.0
Cn1c(Nc2ccc(C(F)(F)F)cc2)nc2cc(Oc3ccnc(-c4ncc(C(F)(F)F)[nH]4)c3)ccc21,ABL1,ABL1(E255K),ABL1,6.522878745280337,5.0,1.5228787452803374,wt,2471,19446,train,wt_mut,cliff,1.0
Cn1c(Nc2ccc(C(F)(F)F)cc2)nc2cc(Oc3ccnc(-c4ncc(C(F)(F)F)[nH]4)c3)ccc21,ABL1,ABL1(F317I)p,ABL1,6.522878745280337,5.0,1.5228787452803374,wt,2471,20069,train,wt_mut,cliff,1.0
Cn1c(Nc2ccc(C(F)(F)F)cc2)nc2cc(Oc3ccnc(-c4ncc(C(F)(F)F)[nH]4)c3)ccc21,ABL1,ABL1(M351T),ABL1,6.522878745280337,5.698970004336019,0.8239087409443187,wt,2471,21330,train,wt_mut,cliff,1.0
Cn1c(Nc2ccc(C(F)(F)F)cc2)nc2cc(Oc3ccnc(-c4ncc(C(F)(F)F)[nH]4)c3)ccc21,ABL1,ABL1(F317L)p,ABL1,6.522878745280337,5.0,1.5228787452803374,wt,2471,23880,train,wt_mut,cliff,1.0
Cc1cc2c(F)c(Oc3ncnn4cc(OCC(C)O)c(C)c34)ccc2[nH]1,ABL1(E255K),ABL1,ABL1,6.236572006437063,5.958607314841775,0.27796469159528847,mut,2739,16800,train,wt_mut,near_cliff,0.5
Cc1cc2c(F)c(Oc3ncnn4cc(OCC(C)O)c(C)c34)ccc2[nH]1,ABL1(T315I)p,ABL1,ABL1,6.346787486224656,5.958607314841775,0.3881801713828814,mut,7053,16800,train,wt_mut,near_cliff,0.5
Cc1cc2c(F)c(Oc3ncnn4cc(OCC(C)O)c(C)c34)ccc2[nH]1,ABL1(H396P)p,ABL1,ABL1,6.1938200260161125,5.958607314841775,0.23521271117433784,mut,16035,16800,train,wt_mut,near_cliff,0.5
Cc1cc2c(F)c(Oc3ncnn4cc(OCC(C)O)c(C)c34)ccc2[nH]1,ABL1,ABL1(F317I),ABL1,5.958607314841775,5.0,0.9586073148417746,wt,16800,17024,train,wt_mut,cliff,1.0
Cc1cc2c(F)c(Oc3ncnn4cc(OCC(C)O)c(C)c34)ccc2[nH]1,ABL1,ABL1(F317L)p,ABL1,5.958607314841775,5.638272163982407,0.3203351508593677,wt,16800,17318,train,wt_mut,near_cliff,0.5
Cc1cc2c(F)c(Oc3ncnn4cc(OCC(C)O)c(C)c34)ccc2[nH]1,ABL1,ABL1(F317L),ABL1,5.958607314841775,5.3872161432802645,0.5713911715615101,wt,16800,17706,train,wt_mut,cliff,1.0
Cc1cc2c(F)c(Oc3ncnn4cc(OCC(C)O)c(C)c34)ccc2[nH]1,ABL1(M351T),ABL1,ABL1,6.346787486224656,5.958607314841775,0.3881801713828814,mut,18434,16800,train,wt_mut,near_cliff,0.5
Cc1cc2c(F)c(Oc3ncnn4cc(OCC(C)O)c(C)c34)ccc2[nH]1,ABL1(H396P),ABL1,ABL1,6.4089353929735005,5.958607314841775,0.4503280781317258,mut,19635,16800,train,wt_mut,near_cliff,0.5
Cc1cc2c(F)c(Oc3ncnn4cc(OCC(C)O)c(C)c34)ccc2[nH]1,ABL1,ABL1(F317I)p,ABL1,5.958607314841775,5.0,0.9586073148417746,wt,16800,22631,train,wt_mut,cliff,1.0
CN1CCN(C(=O)c2cc3cc(Cl)ccc3[nH]2)CC1,MET,MET(Y1235D),MET,6.173925197299173,5.267606240177032,0.9063189571221413,wt,4171,20538,train,wt_mut,cliff,1.0
COc1cc(Nc2c(C#N)cnc3cc(OCCCN4CCN(C)CC4)c(OC)cc23)c(Cl)cc1Cl,ABL1(F317L)p,ABL1,ABL1,10.537602002101044,9.920818753952377,0.6167832481486677,mut,2618,22584,train,wt_mut,cliff,1.0
COc1cc(Nc2c(C#N)cnc3cc(OCCCN4CCN(C)CC4)c(OC)cc23)c(Cl)cc1Cl,ABL1,ABL1(T315I),ABL1,9.920818753952377,7.67778070526608,2.243038048686297,wt,22584,5413,train,wt_mut,cliff,1.0
COc1cc(Nc2c(C#N)cnc3cc(OCCCN4CCN(C)CC4)c(OC)cc23)c(Cl)cc1Cl,ABL1(E255K),ABL1,ABL1,10.327902142064282,9.920818753952377,0.40708338811190536,mut,6337,22584,train,wt_mut,near_cliff,0.5
COc1cc(Nc2c(C#N)cnc3cc(OCCCN4CCN(C)CC4)c(OC)cc23)c(Cl)cc1Cl,ABL1(Y253F),ABL1,ABL1,10.443697499232712,9.920818753952377,0.5228787452803356,mut,7631,22584,train,wt_mut,cliff,1.0
COc1cc(Nc2c(C#N)cnc3cc(OCCCN4CCN(C)CC4)c(OC)cc23)c(Cl)cc1Cl,ABL1,ABL1(F317I),ABL1,9.920818753952377,9.200659450546418,0.7201593034059588,wt,22584,9405,train,wt_mut,cliff,1.0
COc1cc(Nc2c(C#N)cnc3cc(OCCCN4CCN(C)CC4)c(OC)cc23)c(Cl)cc1Cl,ABL1(Q252H)p,ABL1,ABL1,10.4089353929735,9.920818753952377,0.4881166390211238,mut,11432,22584,train,wt_mut,near_cliff,0.5
COc1cc(Nc2c(C#N)cnc3cc(OCCCN4CCN(C)CC4)c(OC)cc23)c(Cl)cc1Cl,ABL1(H396P),ABL1,ABL1,10.207608310501746,9.920818753952377,0.286789556549369,mut,11715,22584,train,wt_mut,near_cliff,0.5
COc1cc(Nc2c(C#N)cnc3cc(OCCCN4CCN(C)CC4)c(OC)cc23)c(Cl)cc1Cl,ABL1(M351T),ABL1,ABL1,10.431798275933003,9.920818753952377,0.5109795219806266,mut,11891,22584,train,wt_mut,cliff,1.0
COc1cc(Nc2c(C#N)cnc3cc(OCCCN4CCN(C)CC4)c(OC)cc23)c(Cl)cc1Cl,ABL1,ABL1(T315I)p,ABL1,9.920818753952377,8.443697499232712,1.4771212547196644,wt,22584,19510,train,wt_mut,cliff,1.0
COc1cc(Nc2c(C#N)cnc3cc(OCCCN4CCN(C)CC4)c(OC)cc23)c(Cl)cc1Cl,ABL1(H396P)p,ABL1,ABL1,10.244125144327509,9.920818753952377,0.32330639037513187,mut,23321,22584,train,wt_mut,near_cliff,0.5
COc1cc2c(N3CCN(C(=O)Nc4ccc(OC(C)C)cc4)CC3)ncnc2cc1OCCCN1CCCCC1,FLT3(K663Q),FLT3,FLT3,8.823908740944319,8.522878745280337,0.30102999566398125,mut,23781,2696,train,wt_mut,near_cliff,0.5
CCN1CCN(Cc2ccc(NC(=O)Nc3ccc(Oc4cc(NC)ncn4)cc3)cc2C(F)(F)F)CC1,ABL1,ABL1(E255K),ABL1,9.167491087293763,7.1249387366083,2.0425523506854635,wt,2709,3843,train,wt_mut,cliff,1.0
CCN1CCN(Cc2ccc(NC(=O)Nc3ccc(Oc4cc(NC)ncn4)cc3)cc2C(F)(F)F)CC1,ABL1,ABL1(F317I)p,ABL1,9.167491087293763,7.886056647693163,1.2814344396006003,wt,2709,7998,train,wt_mut,cliff,1.0
CCN1CCN(Cc2ccc(NC(=O)Nc3ccc(Oc4cc(NC)ncn4)cc3)cc2C(F)(F)F)CC1,ABL1,ABL1(H396P)p,ABL1,9.167491087293763,7.508638306165727,1.6588527811280365,wt,2709,8333,train,wt_mut,cliff,1.0
CCN1CCN(Cc2ccc(NC(=O)Nc3ccc(Oc4cc(NC)ncn4)cc3)cc2C(F)(F)F)CC1,ABL1,ABL1(M351T),ABL1,9.167491087293763,7.468521082957745,1.6989700043360187,wt,2709,11939,train,wt_mut,cliff,1.0
CCN1CCN(Cc2ccc(NC(=O)Nc3ccc(Oc4cc(NC)ncn4)cc3)cc2C(F)(F)F)CC1,ABL1,ABL1(F317L)p,ABL1,9.167491087293763,7.886056647693163,1.2814344396006003,wt,2709,12027,train,wt_mut,cliff,1.0
CCN1CCN(Cc2ccc(NC(=O)Nc3ccc(Oc4cc(NC)ncn4)cc3)cc2C(F)(F)F)CC1,ABL1,ABL1(T315I)p,ABL1,9.167491087293763,7.602059991327962,1.5654310959658018,wt,2709,12586,train,wt_mut,cliff,1.0
CCN1CCN(Cc2ccc(NC(=O)Nc3ccc(Oc4cc(NC)ncn4)cc3)cc2C(F)(F)F)CC1,ABL1,ABL1(Y253F),ABL1,9.167491087293763,8.0,1.1674910872937634,wt,2709,15312,train,wt_mut,cliff,1.0
CCN1CCN(Cc2ccc(NC(=O)Nc3ccc(Oc4cc(NC)ncn4)cc3)cc2C(F)(F)F)CC1,ABL1,ABL1(Q252H)p,ABL1,9.167491087293763,7.508638306165727,1.6588527811280365,wt,2709,17390,train,wt_mut,cliff,1.0
CCN1CCN(Cc2ccc(NC(=O)Nc3ccc(Oc4cc(NC)ncn4)cc3)cc2C(F)(F)F)CC1,ABL1,ABL1(T315I),ABL1,9.167491087293763,8.55284196865778,0.6146491186359828,wt,2709,19675,train,wt_mut,cliff,1.0
CCN1CCN(Cc2ccc(NC(=O)Nc3ccc(Oc4cc(NC)ncn4)cc3)cc2C(F)(F)F)CC1,ABL1,ABL1(F317I),ABL1,9.167491087293763,8.721246399047171,0.44624468824659225,wt,2709,21038,train,wt_mut,near_cliff,0.5
CCN1CCN(Cc2ccc(NC(=O)Nc3ccc(Oc4cc(NC)ncn4)cc3)cc2C(F)(F)F)CC1,ABL1,ABL1(H396P),ABL1,9.167491087293763,8.585026652029182,0.5824644352645816,wt,2709,22535,train,wt_mut,cliff,1.0
COc1cc2c(N3CCN(C(=O)Nc4ccc(OC(C)C)cc4)CC3)ncnc2cc1OCCCN1CCCCC1,KIT,KIT(L576P),KIT,8.568636235841012,8.221848749616356,0.34678748622465605,wt,22879,2737,train,wt_mut,near_cliff,0.5
COc1cc2c(N3CCN(C(=O)Nc4ccc(OC(C)C)cc4)CC3)ncnc2cc1OCCCN1CCCCC1,KIT,KIT(D816V),KIT,8.568636235841012,7.5376020021010435,1.0310342337399687,wt,22879,3404,train,wt_mut,cliff,1.0
COc1cc2c(N3CCN(C(=O)Nc4ccc(OC(C)C)cc4)CC3)ncnc2cc1OCCCN1CCCCC1,KIT,KIT(D816H),KIT,8.568636235841012,6.920818753952375,1.6478174818886373,wt,22879,9152,train,wt_mut,cliff,1.0
COc1cc2c(N3CCN(C(=O)Nc4ccc(OC(C)C)cc4)CC3)ncnc2cc1OCCCN1CCCCC1,KIT,KIT(A829P),KIT,8.568636235841012,7.638272163982407,0.9303640718586053,wt,22879,21934,train,wt_mut,cliff,1.0
Cc1ccc(F)c(NC(=O)Nc2ccc(-c3cccc4[nH]nc(N)c34)cc2)c1,KIT,KIT(D816V),KIT,8.698970004336019,7.091514981121351,1.6074550232146674,wt,10008,4267,train,wt_mut,cliff,1.0
Cc1ccc(F)c(NC(=O)Nc2ccc(-c3cccc4[nH]nc(N)c34)cc2)c1,KIT,KIT(D816H),KIT,8.698970004336019,5.958607314841775,2.740362689494244,wt,10008,10253,train,wt_mut,cliff,1.0
Cc1ccc(F)c(NC(=O)Nc2ccc(-c3cccc4[nH]nc(N)c34)cc2)c1,KIT,KIT(A829P),KIT,8.698970004336019,7.769551078621726,0.9294189257142929,wt,10008,13639,train,wt_mut,cliff,1.0
CN(C)CC1CCn2cc(c3ccccc32)C2=C(C(=O)NC2=O)c2cn(c3ccccc23)CCO1,KIT(D816V),KIT,KIT,6.119186407719209,5.0,1.1191864077192086,mut,10203,17016,train,wt_mut,cliff,1.0
CN(C)CC1CCn2cc(c3ccccc32)C2=C(C(=O)NC2=O)c2cn(c3ccccc23)CCO1,KIT(A829P),KIT,KIT,5.3872161432802645,5.0,0.38721614328026455,mut,16696,17016,train,wt_mut,near_cliff,0.5
CN(C)CC1CCn2cc(c3ccccc32)C2=C(C(=O)NC2=O)c2cn(c3ccccc23)CCO1,KIT(D816H),KIT,KIT,5.823908740944319,5.0,0.8239087409443187,mut,20720,17016,train,wt_mut,cliff,1.0
CN1CCC(c2c(O)cc(O)c3c(=O)cc(-c4ccccc4Cl)oc23)C(O)C1,KIT(D816V),KIT,KIT,5.337242168318426,5.0,0.3372421683184257,mut,17377,3043,train,wt_mut,near_cliff,0.5
CCOc1cc2ncc(C#N)c(Nc3ccc(OCc4ccccn4)c(Cl)c3)c2cc1NC(=O)C=CCN(C)C,EGFR(L858R),EGFR,EGFR,9.173925197299171,8.958607314841775,0.2153178824573967,mut,12994,6853,train,wt_mut,near_cliff,0.5
CCOc1cc2ncc(C#N)c(Nc3ccc(OCc4ccccn4)c(Cl)c3)c2cc1NC(=O)C=CCN(C)C,EGFR(G719C),EGFR,EGFR,9.431798275933003,8.958607314841775,0.4731909610912286,mut,16525,6853,train,wt_mut,near_cliff,0.5
CCOc1cc2ncc(C#N)c(Nc3ccc(OCc4ccccn4)c(Cl)c3)c2cc1NC(=O)C=CCN(C)C,EGFR(L861Q),EGFR,EGFR,9.431798275933003,8.958607314841775,0.4731909610912286,mut,23842,6853,train,wt_mut,near_cliff,0.5
Cc1cnc(Nc2ccc(OCCN3CCCC3)cc2)nc1Nc1cccc(S(=O)(=O)NC(C)(C)C)c1,ABL1(H396P)p,ABL1,ABL1,7.214670164989233,6.7447274948966935,0.4699426700925393,mut,6326,11722,train,wt_mut,near_cliff,0.5
Cc1cnc(Nc2ccc(OCCN3CCCC3)cc2)nc1Nc1cccc(S(=O)(=O)NC(C)(C)C)c1,ABL1(E255K),ABL1,ABL1,7.397940008672037,6.7447274948966935,0.6532125137753431,mut,7566,11722,train,wt_mut,cliff,1.0
Cc1cnc(Nc2ccc(OCCN3CCCC3)cc2)nc1Nc1cccc(S(=O)(=O)NC(C)(C)C)c1,ABL1(Q252H),ABL1,ABL1,6.958607314841775,6.7447274948966935,0.2138798199450811,mut,10087,11722,train,wt_mut,near_cliff,0.5
Cc1cnc(Nc2ccc(OCCN3CCCC3)cc2)nc1Nc1cccc(S(=O)(=O)NC(C)(C)C)c1,ABL1(Q252H)p,ABL1,ABL1,7.267606240177032,6.7447274948966935,0.5228787452803383,mut,10648,11722,train,wt_mut,cliff,1.0
Cc1cnc(Nc2ccc(OCCN3CCCC3)cc2)nc1Nc1cccc(S(=O)(=O)NC(C)(C)C)c1,ABL1(Y253F),ABL1,ABL1,7.251811972993799,6.7447274948966935,0.5070844780971058,mut,12154,11722,train,wt_mut,cliff,1.0
Cc1cnc(Nc2ccc(OCCN3CCCC3)cc2)nc1Nc1cccc(S(=O)(=O)NC(C)(C)C)c1,ABL1(T315I)p,ABL1,ABL1,7.187086643357144,6.7447274948966935,0.44235914846045077,mut,14789,11722,train,wt_mut,near_cliff,0.5
Cc1cnc(Nc2ccc(OCCN3CCCC3)cc2)nc1Nc1cccc(S(=O)(=O)NC(C)(C)C)c1,ABL1(M351T),ABL1,ABL1,7.301029995663981,6.7447274948966935,0.5563025007672877,mut,16458,11722,train,wt_mut,cliff,1.0
Cc1cnc(Nc2ccc(OCCN3CCCC3)cc2)nc1Nc1cccc(S(=O)(=O)NC(C)(C)C)c1,ABL1,ABL1(F317I)p,ABL1,6.7447274948966935,6.251811972993799,0.4929155219028942,wt,11722,17524,train,wt_mut,near_cliff,0.5
Cc1cnc(Nc2ccc(OCCN3CCCC3)cc2)nc1Nc1cccc(S(=O)(=O)NC(C)(C)C)c1,ABL1,ABL1(F317L),ABL1,6.7447274948966935,6.346787486224656,0.3979400086720375,wt,11722,17690,train,wt_mut,near_cliff,0.5
Cc1cnc(Nc2ccc(OCCN3CCCC3)cc2)nc1Nc1cccc(S(=O)(=O)NC(C)(C)C)c1,ABL1(H396P),ABL1,ABL1,7.346787486224656,6.7447274948966935,0.6020599913279625,mut,19319,11722,train,wt_mut,cliff,1.0
Cc1cnc(Nc2ccc(OCCN3CCCC3)cc2)nc1Nc1cccc(S(=O)(=O)NC(C)(C)C)c1,ABL1,ABL1(F317I),ABL1,6.7447274948966935,5.6777807052660805,1.066946789630613,wt,11722,19985,train,wt_mut,cliff,1.0
COC(=O)c1ccc2c(c1)NC(=O)C2=C(Nc1ccc(N(C)C(=O)CN2CCN(C)CC2)cc1)c1ccccc1,MET,MET(Y1235D),MET,6.698970004336019,6.337242168318426,0.36172783601759306,wt,3147,7675,train,wt_mut,near_cliff,0.5
CSc1cccc(Nc2ncc3cc(-c4c(Cl)cccc4Cl)c(=O)n(C)c3n2)c1,ABL1,ABL1(F317L),ABL1,8.823908740944319,8.494850021680094,0.3290587192642249,wt,20564,3169,train,wt_mut,near_cliff,0.5
CSc1cccc(Nc2ncc3cc(-c4c(Cl)cccc4Cl)c(=O)n(C)c3n2)c1,ABL1(Q252H)p,ABL1,ABL1,9.031517051446064,8.823908740944319,0.20760831050174566,mut,5112,20564,train,wt_mut,near_cliff,0.5
CSc1cccc(Nc2ncc3cc(-c4c(Cl)cccc4Cl)c(=O)n(C)c3n2)c1,ABL1(H396P),ABL1,ABL1,9.200659450546418,8.823908740944319,0.3767507096020992,mut,7917,20564,train,wt_mut,near_cliff,0.5
CSc1cccc(Nc2ncc3cc(-c4c(Cl)cccc4Cl)c(=O)n(C)c3n2)c1,ABL1(M351T),ABL1,ABL1,9.2839966563652,8.823908740944319,0.4600879154208819,mut,8524,20564,train,wt_mut,near_cliff,0.5
CSc1cccc(Nc2ncc3cc(-c4c(Cl)cccc4Cl)c(=O)n(C)c3n2)c1,ABL1,ABL1(F317I)p,ABL1,8.823908740944319,8.275724130399212,0.5481846105451069,wt,20564,9534,train,wt_mut,cliff,1.0
CSc1cccc(Nc2ncc3cc(-c4c(Cl)cccc4Cl)c(=O)n(C)c3n2)c1,ABL1,ABL1(F317L)p,ABL1,8.823908740944319,8.602059991327963,0.22184874961635614,wt,20564,13002,train,wt_mut,near_cliff,0.5
CSc1cccc(Nc2ncc3cc(-c4c(Cl)cccc4Cl)c(=O)n(C)c3n2)c1,ABL1,ABL1(T315I)p,ABL1,8.823908740944319,6.318758762624412,2.5051499783199063,wt,20564,16725,train,wt_mut,cliff,1.0
CSc1cccc(Nc2ncc3cc(-c4c(Cl)cccc4Cl)c(=O)n(C)c3n2)c1,ABL1(Y253F),ABL1,ABL1,9.05551732784983,8.823908740944319,0.23160858690551223,mut,16897,20564,train,wt_mut,near_cliff,0.5
CSc1cccc(Nc2ncc3cc(-c4c(Cl)cccc4Cl)c(=O)n(C)c3n2)c1,ABL1(E255K),ABL1,ABL1,9.259637310505756,8.823908740944319,0.43572856956143724,mut,19687,20564,train,wt_mut,near_cliff,0.5
CSc1cccc(Nc2ncc3cc(-c4c(Cl)cccc4Cl)c(=O)n(C)c3n2)c1,ABL1,ABL1(T315I),ABL1,8.823908740944319,5.6777807052660805,3.146128035678238,wt,20564,20491,train,wt_mut,cliff,1.0
CSc1cccc(Nc2ncc3cc(-c4c(Cl)cccc4Cl)c(=O)n(C)c3n2)c1,ABL1,ABL1(F317I),ABL1,8.823908740944319,8.301029995663981,0.5228787452803374,wt,20564,23146,train,wt_mut,cliff,1.0
COc1cc(Nc2ncc(F)c(Nc3ccc4c(n3)NC(=O)C(C)(C)O4)n2)cc(OC)c1OC.O=S(=O)(O)c1ccccc1,KIT(A829P),KIT,KIT,8.455931955649724,8.167491087293763,0.28844086835596094,mut,5389,9539,train,wt_mut,near_cliff,0.5
COc1cc(Nc2ncc(F)c(Nc3ccc4c(n3)NC(=O)C(C)(C)O4)n2)cc(OC)c1OC.O=S(=O)(O)c1ccccc1,KIT(D816V),KIT,KIT,8.602059991327963,8.167491087293763,0.4345689040341991,mut,16424,9539,train,wt_mut,near_cliff,0.5
COc1cc(Nc2c(C#N)cnc3cc(OCCCN4CCN(C)CC4)c(OC)cc23)c(Cl)cc1Cl,LRRK2,LRRK2(G2019S),LRRK2,6.301029995663981,6.080921907623926,0.220108088040055,wt,3248,5547,train,wt_mut,near_cliff,0.5
CN1CCC(c2c(O)cc(O)c3c(=O)cc(-c4ccccc4Cl)oc23)C(O)C1,ABL1,ABL1(F317I)p,ABL1,5.468521082957745,5.229147988357856,0.23937309459988843,wt,16482,3345,train,wt_mut,near_cliff,0.5
CN1CCC(c2c(O)cc(O)c3c(=O)cc(-c4ccccc4Cl)oc23)C(O)C1,ABL1,ABL1(T315I),ABL1,5.468521082957745,5.0,0.46852108295774464,wt,16482,6932,train,wt_mut,near_cliff,0.5
CN1CCC(c2c(O)cc(O)c3c(=O)cc(-c4ccccc4Cl)oc23)C(O)C1,ABL1,ABL1(F317I),ABL1,5.468521082957745,5.0,0.46852108295774464,wt,16482,7894,train,wt_mut,near_cliff,0.5
CN1CCC(c2c(O)cc(O)c3c(=O)cc(-c4ccccc4Cl)oc23)C(O)C1,ABL1,ABL1(T315I)p,ABL1,5.468521082957745,5.0,0.46852108295774464,wt,16482,8089,train,wt_mut,near_cliff,0.5
CN1CCC(c2c(O)cc(O)c3c(=O)cc(-c4ccccc4Cl)oc23)C(O)C1,ABL1(H396P)p,ABL1,ABL1,5.769551078621726,5.468521082957745,0.30102999566398125,mut,9824,16482,train,wt_mut,near_cliff,0.5
CN1CCC(c2c(O)cc(O)c3c(=O)cc(-c4ccccc4Cl)oc23)C(O)C1,ABL1(H396P),ABL1,ABL1,5.920818753952375,5.468521082957745,0.45229767099463025,mut,15591,16482,train,wt_mut,near_cliff,0.5
CN1CCC(c2c(O)cc(O)c3c(=O)cc(-c4ccccc4Cl)oc23)C(O)C1,ABL1(Y253F),ABL1,ABL1,5.795880017344075,5.468521082957745,0.32735893438633035,mut,16469,16482,train,wt_mut,near_cliff,0.5
CN1CCC(c2c(O)cc(O)c3c(=O)cc(-c4ccccc4Cl)oc23)C(O)C1,ABL1(E255K),ABL1,ABL1,5.795880017344075,5.468521082957745,0.32735893438633035,mut,18145,16482,train,wt_mut,near_cliff,0.5
CN1CCC(c2c(O)cc(O)c3c(=O)cc(-c4ccccc4Cl)oc23)C(O)C1,ABL1(F317L)p,ABL1,ABL1,6.050609993355088,5.468521082957745,0.582088910397343,mut,18571,16482,train,wt_mut,cliff,1.0
CN1CCC(c2c(O)cc(O)c3c(=O)cc(-c4ccccc4Cl)oc23)C(O)C1,ABL1(Q252H)p,ABL1,ABL1,5.920818753952375,5.468521082957745,0.45229767099463025,mut,20152,16482,train,wt_mut,near_cliff,0.5
CN1CCC(c2c(O)cc(O)c3c(=O)cc(-c4ccccc4Cl)oc23)C(O)C1,ABL1(M351T),ABL1,ABL1,5.721246399047171,5.468521082957745,0.2527253160894265,mut,21726,16482,train,wt_mut,near_cliff,0.5
CCN1CCN(Cc2ccc(NC(=O)Nc3ccc(Oc4cc(NC)ncn4)cc3)cc2C(F)(F)F)CC1,MET(Y1235D),MET,MET,6.130768280269024,5.356547323513812,0.7742209567552116,mut,12328,4564,train,wt_mut,cliff,1.0
CNC(=O)c1ccccc1Sc1ccc2c(C=Cc3ccccn3)n[nH]c2c1,EGFR(G719S),EGFR,EGFR,5.2076083105017466,5.0,0.20760831050174655,mut,12433,23846,train,wt_mut,near_cliff,0.5
CNC(=O)c1ccccc1Sc1ccc2c(C=Cc3ccccn3)n[nH]c2c1,EGFR(G719C),EGFR,EGFR,5.638272163982407,5.0,0.6382721639824069,mut,15466,23846,train,wt_mut,cliff,1.0
CNC(=O)c1ccccc1Sc1ccc2c(C=Cc3ccccn3)n[nH]c2c1,RET,RET(V804M),RET,6.920818753952375,5.795880017344075,1.1249387366083,wt,10146,4743,train,wt_mut,cliff,1.0
CNC(=O)c1ccccc1Sc1ccc2c(C=Cc3ccccn3)n[nH]c2c1,RET,RET(V804L),RET,6.920818753952375,5.886056647693163,1.0347621062592118,wt,10146,17968,train,wt_mut,cliff,1.0
Cc1ccc(NC(=O)c2ccc(CN3CCN(C)CC3)cc2)cc1Nc1nccc(-c2cccnc2)n1,KIT,KIT(D816H),KIT,7.886056647693163,6.251811972993799,1.6342446746993637,wt,4145,3415,train,wt_mut,cliff,1.0
Cc1ccc(NC(=O)c2ccc(CN3CCN(C)CC3)cc2)cc1Nc1nccc(-c2cccnc2)n1,KIT,KIT(D816V),KIT,7.886056647693163,6.008773924307505,1.8772827233856582,wt,4145,23310,train,wt_mut,cliff,1.0
C=CC(=O)Nc1cc2c(Nc3ccc(F)c(Cl)c3)ncnc2cc1OCCCN1CCOCC1,KIT(A829P),KIT,KIT,6.154901959985743,5.107905397309519,1.0469965626762239,mut,4707,20681,train,wt_mut,cliff,1.0
C=CC(=O)Nc1cc2c(Nc3ccc(F)c(Cl)c3)ncnc2cc1OCCCN1CCOCC1,KIT(D816H),KIT,KIT,6.221848749616356,5.107905397309519,1.113943352306837,mut,7888,20681,train,wt_mut,cliff,1.0
C=CC(=O)Nc1cc2c(Nc3ccc(F)c(Cl)c3)ncnc2cc1OCCCN1CCOCC1,KIT(D816V),KIT,KIT,5.4089353929735005,5.107905397309519,0.30102999566398125,mut,13255,20681,train,wt_mut,near_cliff,0.5
CNC1CC2OC(C)(C1OC)n1c3ccccc3c3c4c(c5c6ccccc6n2c5c31)C(=O)NC4,KIT(D816V),KIT,KIT,9.193820026016112,7.721246399047171,1.4725736269689413,mut,5721,14726,train,wt_mut,cliff,1.0
CNC1CC2OC(C)(C1OC)n1c3ccccc3c3c4c(c5c6ccccc6n2c5c31)C(=O)NC4,KIT(D816H),KIT,KIT,9.366531544420411,7.721246399047171,1.64528514537324,mut,7883,14726,train,wt_mut,cliff,1.0
CNC1CC2OC(C)(C1OC)n1c3ccccc3c3c4c(c5c6ccccc6n2c5c31)C(=O)NC4,KIT(A829P),KIT,KIT,9.221848749616356,7.721246399047171,1.500602350569185,mut,20938,14726,train,wt_mut,cliff,1.0
CC12OC(CC1(O)CO)n1c3ccccc3c3c4c(c5c6ccccc6n2c5c31)CNC4=O,MET(Y1235D),MET,MET,7.387216143280264,6.537602002101044,0.8496141411792193,mut,3505,4380,train,wt_mut,cliff,1.0
COc1cc2c(Oc3ccc(NC(=O)C4(C(=O)Nc5ccc(F)cc5)CC4)cc3F)ccnc2cc1OCCCN1CCOCC1,RET,RET(V804M),RET,9.130768280269024,8.55284196865778,0.5779263116112432,wt,3540,16269,train,wt_mut,cliff,1.0
COc1cc2c(Oc3ccc(NC(=O)C4(C(=O)Nc5ccc(F)cc5)CC4)cc3F)ccnc2cc1OCCCN1CCOCC1,RET,RET(V804L),RET,9.130768280269024,8.795880017344075,0.3348882629249488,wt,3540,18449,train,wt_mut,near_cliff,0.5
CC(Oc1cc(-c2cnn(C3CCNCC3)c2)cnc1N)c1c(Cl)ccc(F)c1Cl,RET(V804L),RET,RET,5.6777807052660805,5.0,0.6777807052660805,mut,13536,16135,train,wt_mut,cliff,1.0
CC(Oc1cc(-c2cnn(C3CCNCC3)c2)cnc1N)c1c(Cl)ccc(F)c1Cl,RET(M918T),RET,RET,5.886056647693163,5.0,0.8860566476931631,mut,19150,16135,train,wt_mut,cliff,1.0
CCN(CC)CCNC(=O)c1c(C)[nH]c(C=C2C(=O)Nc3ccc(F)cc32)c1C,EGFR(T790M),EGFR,EGFR,5.619788758288394,5.0,0.6197887582883936,mut,13026,3710,train,wt_mut,cliff,1.0
COc1cc(Nc2c(C#N)cnc3cc(OCCCN4CCN(C)CC4)c(OC)cc23)c(Cl)cc1Cl,EGFR,EGFR(G719C),EGFR,7.455931955649724,7.008773924307505,0.44715803134221943,wt,14768,7625,train,wt_mut,near_cliff,0.5
COc1cc(Nc2c(C#N)cnc3cc(OCCCN4CCN(C)CC4)c(OC)cc23)c(Cl)cc1Cl,EGFR,EGFR(L861Q),EGFR,7.455931955649724,7.1487416512809245,0.3071903043687998,wt,14768,12137,train,wt_mut,near_cliff,0.5
COc1cc(Nc2c(C#N)cnc3cc(OCCCN4CCN(C)CC4)c(OC)cc23)c(Cl)cc1Cl,EGFR,EGFR(T790M),EGFR,7.455931955649724,6.468521082957745,0.9874108726919797,wt,14768,16466,train,wt_mut,cliff,1.0
Cc1cnc(Nc2ccc(OCCN3CCCC3)cc2)nc1Nc1cccc(S(=O)(=O)NC(C)(C)C)c1,KIT(A829P),KIT,KIT,7.337242168318426,6.886056647693163,0.4511855206252626,mut,19707,19332,train,wt_mut,near_cliff,0.5
Cc1cnc(Nc2ccc(OCCN3CCCC3)cc2)nc1Nc1cccc(S(=O)(=O)NC(C)(C)C)c1,KIT(V559D),KIT,KIT,7.236572006437063,6.886056647693163,0.35051535874390005,mut,22041,19332,train,wt_mut,near_cliff,0.5
CCn1c(-c2nonc2N)nc2c(C#CC(C)(C)O)ncc(OCC3CCCNC3)c21,KIT(L576P),KIT,KIT,5.585026652029182,5.0,0.5850266520291818,mut,12114,4356,train,wt_mut,cliff,1.0
CCn1c(-c2nonc2N)nc2c(C#CC(C)(C)O)ncc(OCC3CCCNC3)c21,KIT(D816V),KIT,KIT,6.886056647693163,5.0,1.886056647693163,mut,14816,4356,train,wt_mut,cliff,1.0
CCn1c(-c2nonc2N)nc2c(C#CC(C)(C)O)ncc(OCC3CCCNC3)c21,KIT(A829P),KIT,KIT,5.7447274948966935,5.0,0.7447274948966935,mut,16254,4356,train,wt_mut,cliff,1.0
CCn1c(-c2nonc2N)nc2c(C#CC(C)(C)O)ncc(OCC3CCCNC3)c21,KIT(D816H),KIT,KIT,6.443697499232713,5.0,1.4436974992327132,mut,18695,4356,train,wt_mut,cliff,1.0
COc1cc2c(Oc3ccc4[nH]c(C)cc4c3F)ncnc2cc1OCCCN1CCCC1,RET,RET(V804M),RET,8.214670164989233,5.42021640338319,2.794453761606043,wt,18414,4417,train,wt_mut,cliff,1.0
COc1cc2c(Oc3ccc4[nH]c(C)cc4c3F)ncnc2cc1OCCCN1CCCC1,RET,RET(V804L),RET,8.214670164989233,5.0,3.214670164989233,wt,18414,17457,train,wt_mut,cliff,1.0
CC(C)N1NC(=C2C=c3cc(O)ccc3=N2)c2c(N)ncnc21,KIT,KIT(D816H),KIT,6.443697499232713,5.455931955649724,0.9877655435829888,wt,19906,18548,train,wt_mut,cliff,1.0
CC(C)N1NC(=C2C=c3cc(O)ccc3=N2)c2c(N)ncnc21,KIT,KIT(A829P),KIT,6.443697499232713,5.795880017344075,0.6478174818886382,wt,19906,22863,train,wt_mut,cliff,1.0
COc1cc2ncnc(Nc3ccc(F)c(Cl)c3)c2cc1OCCCN1CCOCC1,MET(Y1235D),MET,MET,5.455931955649724,5.0,0.45593195564972433,mut,5794,11372,train,wt_mut,near_cliff,0.5
C=CC(=O)Nc1cc2c(Nc3ccc(F)c(Cl)c3)ncnc2cc1OCCCN1CCOCC1,MET(Y1235D),MET,MET,6.080921907623926,5.251811972993799,0.8291099346301269,mut,16246,4577,train,wt_mut,cliff,1.0
CN1CCN(C(=O)c2cc3cc(Cl)ccc3[nH]2)CC1,LRRK2,LRRK2(G2019S),LRRK2,6.721246399047171,6.431798275933005,0.2894481231141661,wt,16314,4694,train,wt_mut,near_cliff,0.5
Cc1ccc(-n2nc(C(C)(C)C)cc2NC(=O)Nc2ccc(OCCN3CCOCC3)c3ccccc23)cc1,EGFR(T790M),EGFR,EGFR,5.619788758288394,5.154901959985743,0.46488679830265056,mut,11596,19265,train,wt_mut,near_cliff,0.5
Cc1cc2c(F)c(Oc3ncnn4cc(OCC(C)O)c(C)c34)ccc2[nH]1,RET,RET(V804M),RET,6.4089353929735005,5.0,1.4089353929735005,wt,5088,6489,train,wt_mut,cliff,1.0
Cc1cc2c(F)c(Oc3ncnn4cc(OCC(C)O)c(C)c34)ccc2[nH]1,RET,RET(V804L),RET,6.4089353929735005,5.0,1.4089353929735005,wt,5088,7956,train,wt_mut,cliff,1.0
CC(O)C(=O)O.CN1CCN(c2ccc3c(c2)NC(=C2C(=O)N=c4cccc(F)c4=C2N)N3)CC1.O,EGFR(T790M),EGFR,EGFR,5.853871964321762,5.0,0.8538719643217618,mut,8665,15998,train,wt_mut,cliff,1.0
COc1cc2c(N3CCN(C(=O)Nc4ccc(OC(C)C)cc4)CC3)ncnc2cc1OCCCN1CCCCC1,EGFR(G719C),EGFR,EGFR,6.6777807052660805,6.3872161432802645,0.29056456198581593,mut,6496,5152,train,wt_mut,near_cliff,0.5
COc1cc2c(N3CCN(C(=O)Nc4ccc(OC(C)C)cc4)CC3)ncnc2cc1OCCCN1CCCCC1,EGFR,EGFR(T790M),EGFR,6.3872161432802645,5.0,1.3872161432802645,wt,5152,13952,train,wt_mut,cliff,1.0
COc1cc2c(N3CCN(C(=O)Nc4ccc(OC(C)C)cc4)CC3)ncnc2cc1OCCCN1CCCCC1,EGFR(G719S),EGFR,EGFR,6.638272163982407,6.3872161432802645,0.2510560207021424,mut,21528,5152,train,wt_mut,near_cliff,0.5
COc1cc2c(N3CCN(C(=O)Nc4ccc(OC(C)C)cc4)CC3)ncnc2cc1OCCCN1CCCCC1,EGFR,EGFR(L861Q),EGFR,6.3872161432802645,6.060480747381382,0.3267353958988828,wt,5152,22153,train,wt_mut,near_cliff,0.5
COc1cc2c(Nc3ccc(Br)cc3F)ncnc2cc1OCC1CCN(C)CC1,FLT3(K663Q),FLT3,FLT3,6.721246399047171,6.070581074285707,0.650665324761464,mut,14476,17816,train,wt_mut,cliff,1.0
COc1cc(N2CCC(N3CCN(C)CC3)CC2)ccc1Nc1ncc(Cl)c(Nc2ccccc2S(=O)(=O)C(C)C)n1,KIT(L576P),KIT,KIT,7.309803919971486,6.958607314841775,0.3511966051297115,mut,7456,7664,train,wt_mut,near_cliff,0.5
COc1cc(N2CCC(N3CCN(C)CC3)CC2)ccc1Nc1ncc(Cl)c(Nc2ccccc2S(=O)(=O)C(C)C)n1,KIT(D816V),KIT,KIT,7.585026652029182,6.958607314841775,0.6264193371874072,mut,11163,7664,train,wt_mut,cliff,1.0
COc1cc(N2CCC(N3CCN(C)CC3)CC2)ccc1Nc1ncc(Cl)c(Nc2ccccc2S(=O)(=O)C(C)C)n1,KIT,KIT(A829P),KIT,6.958607314841775,6.657577319177793,0.30102999566398125,wt,7664,18437,train,wt_mut,near_cliff,0.5
N#CCC(C1CCCC1)n1cc(-c2ncnc3[nH]ccc23)cn1.O=P(O)(O)O,KIT(D816H),KIT,KIT,5.200659450546418,5.0,0.20065945054641787,mut,5566,11822,train,wt_mut,near_cliff,0.5
N#CCC(C1CCCC1)n1cc(-c2ncnc3[nH]ccc23)cn1.O=P(O)(O)O,KIT(A829P),KIT,KIT,5.200659450546418,5.0,0.20065945054641787,mut,16693,11822,train,wt_mut,near_cliff,0.5
COc1cc2c(Oc3ccc(NC(=O)C4(C(=O)Nc5ccc(F)cc5)CC4)cc3F)ccnc2cc1OCCCN1CCOCC1,MET(Y1235D),MET,MET,9.086186147616283,8.853871964321762,0.23231418329452147,mut,16039,16544,train,wt_mut,near_cliff,0.5
Cc1cc2c(F)c(Oc3ncnn4cc(OCC(C)O)c(C)c34)ccc2[nH]1,EGFR(G719S),EGFR,EGFR,5.585026652029182,5.0,0.5850266520291818,mut,6428,16316,train,wt_mut,cliff,1.0
Cc1cc2c(F)c(Oc3ncnn4cc(OCC(C)O)c(C)c34)ccc2[nH]1,EGFR(L861Q),EGFR,EGFR,5.275724130399211,5.0,0.27572413039921084,mut,16649,16316,train,wt_mut,near_cliff,0.5
Cc1cc2c(F)c(Oc3ncnn4cc(OCC(C)O)c(C)c34)ccc2[nH]1,EGFR(G719C),EGFR,EGFR,5.522878745280337,5.0,0.5228787452803374,mut,18042,16316,train,wt_mut,cliff,1.0
Cc1cc2c(F)c(Oc3ncnn4cc(OCC(C)O)c(C)c34)ccc2[nH]1,EGFR(L858R),EGFR,EGFR,5.292429823902063,5.0,0.2924298239020633,mut,18815,16316,train,wt_mut,near_cliff,0.5
CC(C)N1NC(=C2C=c3cc(O)ccc3=N2)c2c(N)ncnc21,LRRK2,LRRK2(G2019S),LRRK2,6.537602002101044,5.769551078621726,0.7680509234793185,wt,6054,22717,train,wt_mut,cliff,1.0
CC1(C)CNc2cc(NC(=O)c3cccnc3NCc3ccncc3)ccc21,RET,RET(V804L),RET,7.853871964321762,5.0,2.853871964321762,wt,20397,12382,train,wt_mut,cliff,1.0
CC1(C)CNc2cc(NC(=O)c3cccnc3NCc3ccncc3)ccc21,RET,RET(V804M),RET,7.853871964321762,5.0,2.853871964321762,wt,20397,22654,train,wt_mut,cliff,1.0
O=C(c1ccc(C=Cc2n[nH]c3ccccc23)cc1)N1CCNCC1,RET(V804M),RET,RET,7.455931955649724,6.823908740944319,0.6320232147054057,mut,6207,9064,train,wt_mut,cliff,1.0
O=C(c1ccc(C=Cc2n[nH]c3ccccc23)cc1)N1CCNCC1,RET(M918T),RET,RET,7.327902142064283,6.823908740944319,0.5039934011199643,mut,6676,9064,train,wt_mut,cliff,1.0
O=C(c1ccc(C=Cc2n[nH]c3ccccc23)cc1)N1CCNCC1,RET(V804L),RET,RET,7.455931955649724,6.823908740944319,0.6320232147054057,mut,16806,9064,train,wt_mut,cliff,1.0
COc1cc2c(Nc3ccc(Br)cc3F)ncnc2cc1OCC1CCN(C)CC1,RET,RET(V804L),RET,7.468521082957745,5.0,2.4685210829577446,wt,6355,9011,train,wt_mut,cliff,1.0
COc1cc2c(Nc3ccc(Br)cc3F)ncnc2cc1OCC1CCN(C)CC1,RET(M918T),RET,RET,7.853871964321762,7.468521082957745,0.3853508813640172,mut,11962,6355,train,wt_mut,near_cliff,0.5
COc1cc2c(Nc3ccc(Br)cc3F)ncnc2cc1OCC1CCN(C)CC1,RET,RET(V804M),RET,7.468521082957745,5.0,2.4685210829577446,wt,6355,17789,train,wt_mut,cliff,1.0
Cn1c(Nc2ccc(C(F)(F)F)cc2)nc2cc(Oc3ccnc(-c4ncc(C(F)(F)F)[nH]4)c3)ccc21,MET(Y1235D),MET,MET,5.853871964321762,5.2076083105017466,0.6462636538200153,mut,6432,17073,train,wt_mut,cliff,1.0
COC1C(N(C)C(=O)c2ccccc2)CC2OC1(C)n1c3ccccc3c3c4c(c5c6ccccc6n2c5c31)C(=O)NC4,FLT3(K663Q),FLT3,FLT3,8.698970004336019,7.958607314841775,0.7403626894942441,mut,10107,6856,train,wt_mut,cliff,1.0
CCN(CC)CCNC(=O)c1c(C)[nH]c(C=C2C(=O)Nc3ccc(F)cc32)c1C,RET(V804M),RET,RET,8.236572006437063,7.886056647693163,0.35051535874390005,mut,11699,6898,train,wt_mut,near_cliff,0.5
COc1cc(N2CCC(N3CCN(C)CC3)CC2)ccc1Nc1ncc(Cl)c(Nc2ccccc2S(=O)(=O)C(C)C)n1,LRRK2(G2019S),LRRK2,LRRK2,9.065501548756432,8.853871964321762,0.21162958443466984,mut,19043,7193,train,wt_mut,near_cliff,0.5
CC1(C)CNc2cc(NC(=O)c3cccnc3NCc3ccncc3)ccc21,KIT,KIT(D816V),KIT,8.431798275933005,6.3872161432802645,2.0445821326527405,wt,10491,8510,train,wt_mut,cliff,1.0
CC1(C)CNc2cc(NC(=O)c3cccnc3NCc3ccncc3)ccc21,KIT,KIT(A829P),KIT,8.431798275933005,7.823908740944319,0.6078895349886864,wt,10491,17956,train,wt_mut,cliff,1.0
CC1(C)CNc2cc(NC(=O)c3cccnc3NCc3ccncc3)ccc21,KIT(L576P),KIT,KIT,8.886056647693163,8.431798275933005,0.45425837176015804,mut,20982,10491,train,wt_mut,near_cliff,0.5
CC1(C)CNc2cc(NC(=O)c3cccnc3NCc3ccncc3)ccc21,KIT,KIT(D816H),KIT,8.431798275933005,6.7447274948966935,1.6870707810363115,wt,10491,21309,train,wt_mut,cliff,1.0
CNC(=O)c1cc(Oc2ccc(NC(=O)Nc3ccc(Cl)c(C(F)(F)F)c3)cc2)ccn1,RET,RET(V804L),RET,7.886056647693163,7.4089353929735005,0.4771212547196626,wt,9410,7539,train,wt_mut,near_cliff,0.5
CNC(=O)c1cc(Oc2ccc(NC(=O)Nc3ccc(Cl)c(C(F)(F)F)c3)cc2)ccn1,RET(M918T),RET,RET,8.130768280269024,7.886056647693163,0.2447116325758607,mut,8058,9410,train,wt_mut,near_cliff,0.5
CNC(=O)c1cc(Oc2ccc(NC(=O)Nc3ccc(Cl)c(C(F)(F)F)c3)cc2)ccn1,RET,RET(V804M),RET,7.886056647693163,7.657577319177793,0.22847932851536967,wt,9410,13311,train,wt_mut,near_cliff,0.5
CCn1c(-c2nonc2N)nc2c(C#CC(C)(C)O)ncc(OCC3CCCNC3)c21,RET(M918T),RET,RET,5.886056647693163,5.0,0.8860566476931631,mut,7725,8888,train,wt_mut,cliff,1.0
O=C(c1ccc(C=Cc2n[nH]c3ccccc23)cc1)N1CCNCC1,FLT3(K663Q),FLT3,FLT3,8.18045606445813,7.823908740944319,0.35654732351381213,mut,21668,16564,train,wt_mut,near_cliff,0.5
C#Cc1cccc(Nc2ncnc3cc(OCCOC)c(OCCOC)cc23)c1,MET(Y1235D),MET,MET,5.958607314841775,5.42021640338319,0.5383909114585848,mut,14635,7750,train,wt_mut,cliff,1.0
Cc1cc(Nc2cc(N3CCN(C)CC3)nc(Sc3ccc(NC(=O)C4CC4)cc3)n2)n[nH]1,RET(V804L),RET,RET,8.065501548756432,7.552841968657781,0.5126595800986511,mut,8269,18255,train,wt_mut,cliff,1.0
Cc1cc(Nc2cc(N3CCN(C)CC3)nc(Sc3ccc(NC(=O)C4CC4)cc3)n2)n[nH]1,RET(V804M),RET,RET,7.886056647693163,7.552841968657781,0.3332146790353825,mut,15947,18255,train,wt_mut,near_cliff,0.5
CCN(CCO)CCCOc1ccc2c(Nc3cc(CC(=O)Nc4cccc(F)c4)[nH]n3)ncnc2c1,RET,RET(V804L),RET,7.096910013008056,6.853871964321762,0.24303804868629442,wt,23190,16667,train,wt_mut,near_cliff,0.5
CCN(CCO)CCCOc1ccc2c(Nc3cc(CC(=O)Nc4cccc(F)c4)[nH]n3)ncnc2c1,RET,RET(V804M),RET,7.096910013008056,6.619788758288394,0.4771212547196626,wt,23190,19987,train,wt_mut,near_cliff,0.5
CC(O)C(=O)O.CN1CCN(c2ccc3c(c2)NC(=C2C(=O)N=c4cccc(F)c4=C2N)N3)CC1.O,FLT3,FLT3(K663Q),FLT3,9.193820026016112,8.958607314841775,0.23521271117433784,wt,23303,10469,train,wt_mut,near_cliff,0.5
CCN1CCN(Cc2ccc(NC(=O)Nc3ccc(Oc4cc(NC)ncn4)cc3)cc2C(F)(F)F)CC1,LRRK2,LRRK2(G2019S),LRRK2,6.022276394711152,5.356547323513812,0.6657290711973403,wt,22390,8856,train,wt_mut,cliff,1.0
Cc1[nH]c(C=C2C(=O)Nc3ccc(S(=O)(=O)Cc4c(Cl)cccc4Cl)cc32)c(C)c1C(=O)N1CCCC1CN1CCCC1,MET,MET(Y1235D),MET,9.568636235841012,9.080921907623926,0.48771432821708594,wt,9188,12224,train,wt_mut,near_cliff,0.5
COc1cc(Nc2c(C#N)cnc3cc(OCCCN4CCN(C)CC4)c(OC)cc23)c(Cl)cc1Cl,RET,RET(V804L),RET,5.318758762624412,5.0,0.3187587626244124,wt,21640,11124,train,wt_mut,near_cliff,0.5
CCC1C(=O)N(C)c2cnc(Nc3ccc(C(=O)NC4CCN(C)CC4)cc3OC)nc2N1C1CCCC1,MET,MET(Y1235D),MET,5.619788758288394,5.0,0.6197887582883936,wt,11340,17222,train,wt_mut,cliff,1.0
O=C(c1ccc(C=Cc2n[nH]c3ccccc23)cc1)N1CCNCC1,MET,MET(Y1235D),MET,6.769551078621726,6.2441251443275085,0.5254259342942174,wt,12215,21061,train,wt_mut,cliff,1.0
COC1C(N(C)C(=O)c2ccccc2)CC2OC1(C)n1c3ccccc3c3c4c(c5c6ccccc6n2c5c31)C(=O)NC4,KIT(A829P),KIT,KIT,7.366531544420414,6.657577319177793,0.7089542252426204,mut,12670,19098,train,wt_mut,cliff,1.0
COC1C(N(C)C(=O)c2ccccc2)CC2OC1(C)n1c3ccccc3c3c4c(c5c6ccccc6n2c5c31)C(=O)NC4,KIT(D816V),KIT,KIT,8.113509274827518,6.657577319177793,1.4559319556497243,mut,13386,19098,train,wt_mut,cliff,1.0
COC1C(N(C)C(=O)c2ccccc2)CC2OC1(C)n1c3ccccc3c3c4c(c5c6ccccc6n2c5c31)C(=O)NC4,KIT(D816H),KIT,KIT,7.795880017344075,6.657577319177793,1.1383026981662816,mut,14675,19098,train,wt_mut,cliff,1.0
COC1C(N(C)C(=O)c2ccccc2)CC2OC1(C)n1c3ccccc3c3c4c(c5c6ccccc6n2c5c31)C(=O)NC4,KIT(L576P),KIT,KIT,7.387216143280264,6.657577319177793,0.7296388241024703,mut,23398,19098,train,wt_mut,cliff,1.0
CC1CCN(C(=O)CC#N)CC1N(C)c1ncnc2[nH]ccc12,LRRK2(G2019S),LRRK2,LRRK2,6.259637310505756,5.886056647693163,0.37358066281259283,mut,12924,14968,train,wt_mut,near_cliff,0.5
CN1CCC(c2c(O)cc(O)c3c(=O)cc(-c4ccccc4Cl)oc23)C(O)C1,LRRK2,LRRK2(G2019S),LRRK2,6.0,5.698970004336019,0.30102999566398125,wt,15276,23504,train,wt_mut,near_cliff,0.5
Cc1[nH]nc2ccc(-c3cncc(OCC(N)Cc4ccccc4)c3)cc12,RET(V804L),RET,RET,5.721246399047171,5.0,0.7212463990471711,mut,19683,16893,train,wt_mut,cliff,1.0
Cc1[nH]nc2ccc(-c3cncc(OCC(N)Cc4ccccc4)c3)cc12,RET(V804M),RET,RET,6.7447274948966935,5.0,1.7447274948966935,mut,20990,16893,train,wt_mut,cliff,1.0
N#CCC(C1CCCC1)n1cc(-c2ncnc3[nH]ccc23)cn1.O=P(O)(O)O,RET(V804M),RET,RET,6.721246399047171,6.142667503568732,0.5785788954784392,mut,16727,18271,train,wt_mut,cliff,1.0
N#CCC(C1CCCC1)n1cc(-c2ncnc3[nH]ccc23)cn1.O=P(O)(O)O,RET(V804L),RET,RET,6.552841968657781,6.142667503568732,0.41017446508904865,mut,17765,18271,train,wt_mut,near_cliff,0.5
O=C(c1ccc(C=Cc2n[nH]c3ccccc23)cc1)N1CCNCC1,LRRK2(G2019S),LRRK2,LRRK2,7.346787486224656,6.455931955649724,0.8908555305749317,mut,18752,23811,train,wt_mut,cliff,1.0
Cc1ccc(-n2nc(C(C)(C)C)cc2NC(=O)Nc2ccc(OCCN3CCOCC3)c3ccccc23)cc1,FLT3(K663Q),FLT3,FLT3,6.050609993355088,5.638272163982407,0.4123378293726807,mut,24832,24254,val,wt_mut,near_cliff,0.5
COc1cc2c(Oc3ccc(NC(=O)C4(C(=O)Nc5ccc(F)cc5)CC4)cc3F)ccnc2cc1OCCCN1CCOCC1,ABL1,ABL1(H396P),ABL1,8.2518119729938,8.0,0.2518119729937993,wt,24083,24138,val,wt_mut,near_cliff,0.5
COc1cc2c(Oc3ccc(NC(=O)C4(C(=O)Nc5ccc(F)cc5)CC4)cc3F)ccnc2cc1OCCCN1CCOCC1,ABL1,ABL1(F317I)p,ABL1,8.2518119729938,6.6020599913279625,1.6497519816658368,wt,24083,24327,val,wt_mut,cliff,1.0
COc1cc2c(Oc3ccc(NC(=O)C4(C(=O)Nc5ccc(F)cc5)CC4)cc3F)ccnc2cc1OCCCN1CCOCC1,ABL1,ABL1(Y253F),ABL1,8.2518119729938,7.431798275933005,0.8200136970607943,wt,24083,25081,val,wt_mut,cliff,1.0
COc1cc2c(Oc3ccc(NC(=O)C4(C(=O)Nc5ccc(F)cc5)CC4)cc3F)ccnc2cc1OCCCN1CCOCC1,ABL1,ABL1(Q252H)p,ABL1,8.2518119729938,6.920818753952375,1.3309932190414244,wt,24083,25156,val,wt_mut,cliff,1.0
COc1cc2c(Oc3ccc(NC(=O)C4(C(=O)Nc5ccc(F)cc5)CC4)cc3F)ccnc2cc1OCCCN1CCOCC1,ABL1,ABL1(T315I)p,ABL1,8.2518119729938,6.508638306165727,1.7431736668280724,wt,24083,25276,val,wt_mut,cliff,1.0
COc1cc2c(Oc3ccc(NC(=O)C4(C(=O)Nc5ccc(F)cc5)CC4)cc3F)ccnc2cc1OCCCN1CCOCC1,ABL1,ABL1(T315I),ABL1,8.2518119729938,7.744727494896693,0.5070844780971067,wt,24083,25347,val,wt_mut,cliff,1.0
COc1cc2c(Oc3ccc(NC(=O)C4(C(=O)Nc5ccc(F)cc5)CC4)cc3F)ccnc2cc1OCCCN1CCOCC1,ABL1,ABL1(F317L),ABL1,8.2518119729938,7.698970004336019,0.5528419686577806,wt,24083,25378,val,wt_mut,cliff,1.0
COc1cc2c(Oc3ccc(NC(=O)C4(C(=O)Nc5ccc(F)cc5)CC4)cc3F)ccnc2cc1OCCCN1CCOCC1,ABL1,ABL1(M351T),ABL1,8.2518119729938,7.443697499232713,0.8081144737610861,wt,24083,25598,val,wt_mut,cliff,1.0
COc1cc2c(Oc3ccc(NC(=O)C4(C(=O)Nc5ccc(F)cc5)CC4)cc3F)ccnc2cc1OCCCN1CCOCC1,ABL1,ABL1(F317I),ABL1,8.2518119729938,7.397940008672037,0.8538719643217627,wt,24083,25605,val,wt_mut,cliff,1.0
COc1cc2c(Oc3ccc(NC(=O)C4(C(=O)Nc5ccc(F)cc5)CC4)cc3F)ccnc2cc1OCCCN1CCOCC1,ABL1,ABL1(E255K),ABL1,8.2518119729938,6.823908740944319,1.4279032320494807,wt,24083,26307,val,wt_mut,cliff,1.0
COc1cc2c(Oc3ccc(NC(=O)C4(C(=O)Nc5ccc(F)cc5)CC4)cc3F)ccnc2cc1OCCCN1CCOCC1,ABL1,ABL1(H396P)p,ABL1,8.2518119729938,6.958607314841775,1.2932046581520247,wt,24083,26635,val,wt_mut,cliff,1.0
COc1cc2c(Oc3ccc(NC(=O)C4(C(=O)Nc5ccc(F)cc5)CC4)cc3F)ccnc2cc1OCCCN1CCOCC1,ABL1,ABL1(F317L)p,ABL1,8.2518119729938,6.769551078621726,1.4822608943720734,wt,24083,26990,val,wt_mut,cliff,1.0
C=CC(=O)Nc1cc2c(Nc3ccc(F)c(Cl)c3)ncnc2cc1OCCCN1CCOCC1,ABL1(T315I)p,ABL1,ABL1,7.161150909262744,6.6777807052660805,0.48337020399666386,mut,24352,24092,val,wt_mut,near_cliff,0.5
C=CC(=O)Nc1cc2c(Nc3ccc(F)c(Cl)c3)ncnc2cc1OCCCN1CCOCC1,ABL1(E255K),ABL1,ABL1,7.522878745280337,6.6777807052660805,0.8450980400142569,mut,24652,24092,val,wt_mut,cliff,1.0
C=CC(=O)Nc1cc2c(Nc3ccc(F)c(Cl)c3)ncnc2cc1OCCCN1CCOCC1,ABL1(M351T),ABL1,ABL1,7.42021640338319,6.6777807052660805,0.7424356981171094,mut,25184,24092,val,wt_mut,cliff,1.0
C=CC(=O)Nc1cc2c(Nc3ccc(F)c(Cl)c3)ncnc2cc1OCCCN1CCOCC1,ABL1(Q252H)p,ABL1,ABL1,7.657577319177793,6.6777807052660805,0.9797966139117129,mut,25205,24092,val,wt_mut,cliff,1.0
C=CC(=O)Nc1cc2c(Nc3ccc(F)c(Cl)c3)ncnc2cc1OCCCN1CCOCC1,ABL1,ABL1(F317I),ABL1,6.6777807052660805,5.494850021680094,1.1829306835859867,wt,24092,25316,val,wt_mut,cliff,1.0
C=CC(=O)Nc1cc2c(Nc3ccc(F)c(Cl)c3)ncnc2cc1OCCCN1CCOCC1,ABL1(Q252H),ABL1,ABL1,7.040958607678906,6.6777807052660805,0.36317790241282566,mut,25564,24092,val,wt_mut,near_cliff,0.5
C=CC(=O)Nc1cc2c(Nc3ccc(F)c(Cl)c3)ncnc2cc1OCCCN1CCOCC1,ABL1(Y253F),ABL1,ABL1,7.376750709602099,6.6777807052660805,0.6989700043360187,mut,25884,24092,val,wt_mut,cliff,1.0
C=CC(=O)Nc1cc2c(Nc3ccc(F)c(Cl)c3)ncnc2cc1OCCCN1CCOCC1,ABL1(H396P)p,ABL1,ABL1,7.244125144327507,6.6777807052660805,0.5663444390614263,mut,25899,24092,val,wt_mut,cliff,1.0
C=CC(=O)Nc1cc2c(Nc3ccc(F)c(Cl)c3)ncnc2cc1OCCCN1CCOCC1,ABL1,ABL1(F317I)p,ABL1,6.6777807052660805,6.0,0.6777807052660805,wt,24092,26041,val,wt_mut,cliff,1.0
C=CC(=O)Nc1cc2c(Nc3ccc(F)c(Cl)c3)ncnc2cc1OCCCN1CCOCC1,ABL1,ABL1(F317L),ABL1,6.6777807052660805,5.823908740944319,0.8538719643217618,wt,24092,26752,val,wt_mut,cliff,1.0
C=CC(=O)Nc1cc2c(Nc3ccc(F)c(Cl)c3)ncnc2cc1OCCCN1CCOCC1,ABL1(F317L)p,ABL1,ABL1,7.040958607678906,6.6777807052660805,0.36317790241282566,mut,26866,24092,val,wt_mut,near_cliff,0.5
C=CC(=O)Nc1cc2c(Nc3ccc(F)c(Cl)c3)ncnc2cc1OCCCN1CCOCC1,ABL1,ABL1(T315I),ABL1,6.6777807052660805,6.161150909262744,0.5166297960033361,wt,24092,26878,val,wt_mut,cliff,1.0
C=CC(=O)Nc1cc2c(Nc3ccc(F)c(Cl)c3)ncnc2cc1OCCCN1CCOCC1,ABL1(H396P),ABL1,ABL1,7.337242168318426,6.6777807052660805,0.6594614630523452,mut,26926,24092,val,wt_mut,cliff,1.0
CSc1cccc(Nc2ncc3cc(-c4c(Cl)cccc4Cl)c(=O)n(C)c3n2)c1,EGFR(G719S),EGFR,EGFR,6.200659450546418,6.0,0.20065945054641787,mut,24093,24277,val,wt_mut,near_cliff,0.5
CSc1cccc(Nc2ncc3cc(-c4c(Cl)cccc4Cl)c(=O)n(C)c3n2)c1,EGFR(G719C),EGFR,EGFR,6.275724130399211,6.0,0.27572413039921084,mut,24928,24277,val,wt_mut,near_cliff,0.5
CSc1cccc(Nc2ncc3cc(-c4c(Cl)cccc4Cl)c(=O)n(C)c3n2)c1,EGFR,EGFR(T790M),EGFR,6.0,5.0,1.0,wt,24277,25367,val,wt_mut,cliff,1.0
CC(C)(C)c1cc(NC(=O)Nc2ccc(-c3cn4c(n3)sc3cc(OCCN5CCOCC5)ccc34)cc2)no1,FLT3,FLT3(K663Q),FLT3,8.886056647693163,8.657577319177793,0.22847932851536967,wt,24977,26662,val,wt_mut,near_cliff,0.5
Cc1ccc2nc(NCCN)c3ncc(C)n3c2c1.Cl,KIT(L576P),KIT,KIT,5.4089353929735005,5.0,0.40893539297350046,mut,25154,25711,val,wt_mut,near_cliff,0.5
Cc1ccc2nc(NCCN)c3ncc(C)n3c2c1.Cl,KIT(V559D),KIT,KIT,5.2441251443275085,5.0,0.24412514432750854,mut,26002,25711,val,wt_mut,near_cliff,0.5
CCN1CCN(Cc2ccc(NC(=O)Nc3ccc(Oc4cc(NC)ncn4)cc3)cc2C(F)(F)F)CC1,KIT,KIT(D816V),KIT,8.267606240177031,6.443697499232713,1.8239087409443178,wt,26160,24155,val,wt_mut,cliff,1.0
CCN1CCN(Cc2ccc(NC(=O)Nc3ccc(Oc4cc(NC)ncn4)cc3)cc2C(F)(F)F)CC1,KIT(L576P),KIT,KIT,8.67778070526608,8.267606240177031,0.41017446508904953,mut,24954,26160,val,wt_mut,near_cliff,0.5
CCN1CCN(Cc2ccc(NC(=O)Nc3ccc(Oc4cc(NC)ncn4)cc3)cc2C(F)(F)F)CC1,KIT,KIT(D816H),KIT,8.267606240177031,7.173925197299173,1.0936810428778578,wt,26160,26457,val,wt_mut,cliff,1.0
COc1cc2c(Nc3ccc(Br)cc3F)ncnc2cc1OCC1CCN(C)CC1,EGFR(G719S),EGFR,EGFR,8.229147988357855,8.022276394711152,0.20687159364670293,mut,25294,25199,val,wt_mut,near_cliff,0.5
COc1cc2c(Nc3ccc(Br)cc3F)ncnc2cc1OCC1CCN(C)CC1,EGFR,EGFR(T790M),EGFR,8.022276394711152,7.0,1.0222763947111524,wt,25199,25641,val,wt_mut,cliff,1.0
C=CC(=O)Nc1cc2c(Nc3ccc(F)c(Cl)c3)ncnc2cc1OCCCN1CCOCC1,FLT3(K663Q),FLT3,FLT3,5.795880017344075,5.568636235841013,0.2272437815030619,mut,26718,25758,val,wt_mut,near_cliff,0.5
COc1cc(N2CCC(N3CCN(C)CC3)CC2)ccc1Nc1ncc(Cl)c(Nc2ccccc2S(=O)(=O)C(C)C)n1,EGFR,EGFR(G719S),EGFR,6.7447274948966935,5.795880017344075,0.9488474775526186,wt,26238,24217,val,wt_mut,cliff,1.0
COc1cc(N2CCC(N3CCN(C)CC3)CC2)ccc1Nc1ncc(Cl)c(Nc2ccccc2S(=O)(=O)C(C)C)n1,EGFR,EGFR(G719C),EGFR,6.7447274948966935,5.698970004336019,1.0457574905606748,wt,26238,24578,val,wt_mut,cliff,1.0
COc1cc(N2CCC(N3CCN(C)CC3)CC2)ccc1Nc1ncc(Cl)c(Nc2ccccc2S(=O)(=O)C(C)C)n1,EGFR(L858R),EGFR,EGFR,7.337242168318426,6.7447274948966935,0.5925146734217321,mut,25209,26238,val,wt_mut,cliff,1.0
COc1cc(N2CCC(N3CCN(C)CC3)CC2)ccc1Nc1ncc(Cl)c(Nc2ccccc2S(=O)(=O)C(C)C)n1,EGFR(T790M),EGFR,EGFR,8.148741651280925,6.7447274948966935,1.4040141563842319,mut,25820,26238,val,wt_mut,cliff,1.0
COc1cc(N2CCC(N3CCN(C)CC3)CC2)ccc1Nc1ncc(Cl)c(Nc2ccccc2S(=O)(=O)C(C)C)n1,EGFR(L861Q),EGFR,EGFR,7.008773924307505,6.7447274948966935,0.26404642941081136,mut,26087,26238,val,wt_mut,near_cliff,0.5
OCCn1cc(-c2ccc3c(c2)CCC3=NO)c(-c2ccncc2)n1,ABL1(H396P),ABL1,ABL1,5.494850021680094,5.0,0.49485002168009373,mut,25773,25778,val,wt_mut,near_cliff,0.5
COC(=O)c1ccc2c(c1)NC(=O)C2=C(Nc1ccc(N(C)C(=O)CN2CCN(C)CC2)cc1)c1ccccc1,KIT,KIT(D816V),KIT,8.244125144327509,7.327902142064283,0.9162230022632256,wt,27056,24250,val,wt_mut,cliff,1.0
COC(=O)c1ccc2c(c1)NC(=O)C2=C(Nc1ccc(N(C)C(=O)CN2CCN(C)CC2)cc1)c1ccccc1,KIT,KIT(A829P),KIT,8.244125144327509,7.060480747381382,1.1836443969461268,wt,27056,25789,val,wt_mut,cliff,1.0
COC(=O)c1ccc2c(c1)NC(=O)C2=C(Nc1ccc(N(C)C(=O)CN2CCN(C)CC2)cc1)c1ccccc1,KIT,KIT(D816H),KIT,8.244125144327509,6.508638306165727,1.7354868381617816,wt,27056,25798,val,wt_mut,cliff,1.0
COC(=O)c1ccc2c(c1)NC(=O)C2=C(Nc1ccc(N(C)C(=O)CN2CCN(C)CC2)cc1)c1ccccc1,KIT(L576P),KIT,KIT,8.568636235841012,8.244125144327509,0.32451109151350366,mut,26305,27056,val,wt_mut,near_cliff,0.5
Cc1ccc(NC(=O)c2ccc(CN3CCN(C)CC3)cc2)cc1Nc1nccc(-c2cccnc2)n1,ABL1,ABL1(Q252H),ABL1,8.958607314841775,8.744727494896694,0.2138798199450811,wt,25194,24338,val,wt_mut,near_cliff,0.5
Cc1ccc(NC(=O)c2ccc(CN3CCN(C)CC3)cc2)cc1Nc1nccc(-c2cccnc2)n1,ABL1,ABL1(F317L)p,ABL1,8.958607314841775,6.958607314841775,2.0,wt,25194,24471,val,wt_mut,cliff,1.0
Cc1ccc(NC(=O)c2ccc(CN3CCN(C)CC3)cc2)cc1Nc1nccc(-c2cccnc2)n1,ABL1,ABL1(Y253F),ABL1,8.958607314841775,6.886056647693163,2.0725506671486116,wt,25194,24718,val,wt_mut,cliff,1.0
Cc1ccc(NC(=O)c2ccc(CN3CCN(C)CC3)cc2)cc1Nc1nccc(-c2cccnc2)n1,ABL1,ABL1(F317I),ABL1,8.958607314841775,8.080921907623926,0.8776854072178484,wt,25194,25064,val,wt_mut,cliff,1.0
Cc1ccc(NC(=O)c2ccc(CN3CCN(C)CC3)cc2)cc1Nc1nccc(-c2cccnc2)n1,ABL1,ABL1(F317I)p,ABL1,8.958607314841775,6.236572006437063,2.7220353084047115,wt,25194,25181,val,wt_mut,cliff,1.0
Cc1ccc(NC(=O)c2ccc(CN3CCN(C)CC3)cc2)cc1Nc1nccc(-c2cccnc2)n1,ABL1,ABL1(H396P),ABL1,8.958607314841775,8.229147988357855,0.7294593264839193,wt,25194,25416,val,wt_mut,cliff,1.0
Cc1ccc(NC(=O)c2ccc(CN3CCN(C)CC3)cc2)cc1Nc1nccc(-c2cccnc2)n1,ABL1,ABL1(Q252H)p,ABL1,8.958607314841775,7.036212172654444,1.9223951421873302,wt,25194,25419,val,wt_mut,cliff,1.0
Cc1ccc(NC(=O)c2ccc(CN3CCN(C)CC3)cc2)cc1Nc1nccc(-c2cccnc2)n1,ABL1,ABL1(M351T),ABL1,8.958607314841775,7.356547323513813,1.6020599913279616,wt,25194,25604,val,wt_mut,cliff,1.0
Cc1ccc(NC(=O)c2ccc(CN3CCN(C)CC3)cc2)cc1Nc1nccc(-c2cccnc2)n1,ABL1,ABL1(F317L),ABL1,8.958607314841775,8.602059991327963,0.35654732351381213,wt,25194,25958,val,wt_mut,near_cliff,0.5
Cc1ccc(NC(=O)c2ccc(CN3CCN(C)CC3)cc2)cc1Nc1nccc(-c2cccnc2)n1,ABL1,ABL1(H396P)p,ABL1,8.958607314841775,7.187086643357144,1.7715206714846303,wt,25194,26233,val,wt_mut,cliff,1.0
Cc1ccc(NC(=O)c2ccc(CN3CCN(C)CC3)cc2)cc1Nc1nccc(-c2cccnc2)n1,ABL1,ABL1(E255K),ABL1,8.958607314841775,6.769551078621726,2.1890562362200487,wt,25194,26673,val,wt_mut,cliff,1.0
Cc1ccc(NC(=O)c2ccc(CN3CCN(C)CC3)cc2)cc1Nc1nccc(-c2cccnc2)n1,ABL1,ABL1(T315I)p,ABL1,8.958607314841775,5.0,3.9586073148417746,wt,25194,26879,val,wt_mut,cliff,1.0
Cc1ccc(NC(=O)c2ccc(CN3CCN(C)CC3)cc2)cc1Nc1nccc(-c2cccnc2)n1,ABL1,ABL1(T315I),ABL1,8.958607314841775,5.0,3.9586073148417746,wt,25194,26943,val,wt_mut,cliff,1.0
C#Cc1cccc(Nc2ncnc3cc(OCCOC)c(OCCOC)cc23)c1,KIT,KIT(D816H),KIT,5.769551078621726,5.0,0.7695510786217259,wt,26742,24434,val,wt_mut,cliff,1.0
C#Cc1cccc(Nc2ncnc3cc(OCCOC)c(OCCOC)cc23)c1,KIT,KIT(A829P),KIT,5.769551078621726,5.0,0.7695510786217259,wt,26742,25556,val,wt_mut,cliff,1.0
C#Cc1cccc(Nc2ncnc3cc(OCCOC)c(OCCOC)cc23)c1,KIT,KIT(L576P),KIT,5.769551078621726,5.455931955649724,0.31361912297200156,wt,26742,26092,val,wt_mut,near_cliff,0.5
C#Cc1cccc(Nc2ncnc3cc(OCCOC)c(OCCOC)cc23)c1,KIT,KIT(V559D),KIT,5.769551078621726,5.508638306165727,0.260912772455999,wt,26742,26814,val,wt_mut,near_cliff,0.5
COC1C(N(C)C(=O)c2ccccc2)CC2OC1(C)n1c3ccccc3c3c4c(c5c6ccccc6n2c5c31)C(=O)NC4,LRRK2(G2019S),LRRK2,LRRK2,6.7447274948966935,6.2441251443275085,0.500602350569185,mut,24565,24452,val,wt_mut,cliff,1.0
CC(C)N1NC(=C2C=c3cc(O)ccc3=N2)c2c(N)ncnc21,ABL1(E255K),ABL1,ABL1,7.251811972993799,6.823908740944319,0.42790323204948066,mut,24523,25196,val,wt_mut,near_cliff,0.5
CC(C)N1NC(=C2C=c3cc(O)ccc3=N2)c2c(N)ncnc21,ABL1,ABL1(T315I),ABL1,6.823908740944319,6.0,0.8239087409443187,wt,25196,25211,val,wt_mut,cliff,1.0
CC(C)N1NC(=C2C=c3cc(O)ccc3=N2)c2c(N)ncnc21,ABL1(Q252H)p,ABL1,ABL1,7.1249387366083,6.823908740944319,0.30102999566398125,mut,25218,25196,val,wt_mut,near_cliff,0.5
CC(C)N1NC(=C2C=c3cc(O)ccc3=N2)c2c(N)ncnc21,ABL1,ABL1(F317I)p,ABL1,6.823908740944319,5.920818753952375,0.9030899869919438,wt,25196,25519,val,wt_mut,cliff,1.0
CC(C)N1NC(=C2C=c3cc(O)ccc3=N2)c2c(N)ncnc21,ABL1,ABL1(F317L)p,ABL1,6.823908740944319,6.619788758288394,0.20411998265592501,wt,25196,25612,val,wt_mut,near_cliff,0.5
CC(C)N1NC(=C2C=c3cc(O)ccc3=N2)c2c(N)ncnc21,ABL1(H396P),ABL1,ABL1,7.309803919971486,6.823908740944319,0.4858951790271675,mut,25671,25196,val,wt_mut,near_cliff,0.5
CC(C)N1NC(=C2C=c3cc(O)ccc3=N2)c2c(N)ncnc21,ABL1,ABL1(Y253F),ABL1,6.823908740944319,6.455931955649724,0.3679767852945943,wt,25196,25674,val,wt_mut,near_cliff,0.5
CC(C)N1NC(=C2C=c3cc(O)ccc3=N2)c2c(N)ncnc21,ABL1(H396P)p,ABL1,ABL1,7.236572006437063,6.823908740944319,0.41266326549274446,mut,26081,25196,val,wt_mut,near_cliff,0.5
CC(C)N1NC(=C2C=c3cc(O)ccc3=N2)c2c(N)ncnc21,ABL1,ABL1(F317I),ABL1,6.823908740944319,5.0,1.8239087409443187,wt,25196,26106,val,wt_mut,cliff,1.0
CC(C)N1NC(=C2C=c3cc(O)ccc3=N2)c2c(N)ncnc21,ABL1,ABL1(F317L),ABL1,6.823908740944319,5.0,1.8239087409443187,wt,25196,26467,val,wt_mut,cliff,1.0
CC(C)N1NC(=C2C=c3cc(O)ccc3=N2)c2c(N)ncnc21,ABL1,ABL1(Q252H),ABL1,6.823908740944319,6.619788758288394,0.20411998265592501,wt,25196,26671,val,wt_mut,near_cliff,0.5
CC(C)N1NC(=C2C=c3cc(O)ccc3=N2)c2c(N)ncnc21,ABL1(M351T),ABL1,ABL1,7.221848749616356,6.823908740944319,0.3979400086720375,mut,26827,25196,val,wt_mut,near_cliff,0.5
Cc1[nH]c(C=C2C(=O)Nc3ccc(S(=O)(=O)Cc4c(Cl)cccc4Cl)cc32)c(C)c1C(=O)N1CCCC1CN1CCCC1,KIT(L576P),KIT,KIT,5.886056647693163,5.494850021680094,0.3912066260130693,mut,24621,26285,val,wt_mut,near_cliff,0.5
Cc1[nH]c(C=C2C(=O)Nc3ccc(S(=O)(=O)Cc4c(Cl)cccc4Cl)cc32)c(C)c1C(=O)N1CCCC1CN1CCCC1,KIT(D816V),KIT,KIT,6.229147988357856,5.494850021680094,0.7342979666777625,mut,25038,26285,val,wt_mut,cliff,1.0
CN1CCN(C(=O)c2cc3cc(Cl)ccc3[nH]2)CC1,RET(V804L),RET,RET,8.920818753952375,8.036212172654444,0.8846065812979305,mut,24648,24857,val,wt_mut,cliff,1.0
CN1CCN(C(=O)c2cc3cc(Cl)ccc3[nH]2)CC1,RET(V804M),RET,RET,9.080921907623926,8.036212172654444,1.0447097349694818,mut,26246,24857,val,wt_mut,cliff,1.0
CNC(=O)c1ccccc1Sc1ccc2c(C=Cc3ccccn3)n[nH]c2c1,KIT(V559D),KIT,KIT,9.309803919971486,8.494850021680094,0.8149538982913924,mut,24716,26339,val,wt_mut,cliff,1.0
CNC(=O)c1ccccc1Sc1ccc2c(C=Cc3ccccn3)n[nH]c2c1,KIT,KIT(A829P),KIT,8.494850021680094,5.7447274948966935,2.7501225267834,wt,26339,25028,val,wt_mut,cliff,1.0
CNC(=O)c1ccccc1Sc1ccc2c(C=Cc3ccccn3)n[nH]c2c1,KIT,KIT(D816V),KIT,8.494850021680094,5.886056647693163,2.6087933739869307,wt,26339,25344,val,wt_mut,cliff,1.0
CNC(=O)c1ccccc1Sc1ccc2c(C=Cc3ccccn3)n[nH]c2c1,KIT,KIT(D816H),KIT,8.494850021680094,5.376750709602099,3.1180993120779945,wt,26339,26398,val,wt_mut,cliff,1.0
CNC(=O)c1ccccc1Sc1ccc2c(C=Cc3ccccn3)n[nH]c2c1,KIT(L576P),KIT,KIT,8.769551078621726,8.494850021680094,0.27470105694163216,mut,26888,26339,val,wt_mut,near_cliff,0.5
Clc1ccc(Nc2nnc(Cc3ccncc3)c3ccccc23)cc1,KIT,KIT(L576P),KIT,8.292429823902063,6.958607314841775,1.3338225090602887,wt,24940,24820,val,wt_mut,cliff,1.0
Clc1ccc(Nc2nnc(Cc3ccncc3)c3ccccc23)cc1,KIT,KIT(V559D),KIT,8.292429823902063,7.769551078621726,0.5228787452803374,wt,24940,25437,val,wt_mut,cliff,1.0
Clc1ccc(Nc2nnc(Cc3ccncc3)c3ccccc23)cc1,KIT,KIT(D816V),KIT,8.292429823902063,5.0,3.2924298239020633,wt,24940,26170,val,wt_mut,cliff,1.0
Clc1ccc(Nc2nnc(Cc3ccncc3)c3ccccc23)cc1,KIT,KIT(A829P),KIT,8.292429823902063,5.0,3.2924298239020633,wt,24940,26446,val,wt_mut,cliff,1.0
Clc1ccc(Nc2nnc(Cc3ccncc3)c3ccccc23)cc1,KIT,KIT(D816H),KIT,8.292429823902063,5.0,3.2924298239020633,wt,24940,26841,val,wt_mut,cliff,1.0
Cc1ccc(NC(=O)c2ccc(CN3CCN(C)CC3)cc2)cc1Nc1nc(-c2cccnc2)cs1,KIT,KIT(D816H),KIT,8.09151498112135,5.823908740944319,2.267606240177031,wt,26985,25484,val,wt_mut,cliff,1.0
Cc1ccc(NC(=O)c2ccc(CN3CCN(C)CC3)cc2)cc1Nc1nc(-c2cccnc2)cs1,KIT,KIT(D816V),KIT,8.09151498112135,5.886056647693163,2.2054583334281865,wt,26985,25985,val,wt_mut,cliff,1.0
Cn1cc(C2=C(c3cn(C4CCN(Cc5ccccn5)CC4)c4ccccc34)C(=O)NC2=O)c2ccccc21,MET,MET(Y1235D),MET,5.552841968657781,5.075720713938118,0.4771212547196626,wt,27024,25345,val,wt_mut,near_cliff,0.5
CC(O)C(=O)O.CN1CCN(c2ccc3c(c2)NC(=C2C(=O)N=c4cccc(F)c4=C2N)N3)CC1.O,LRRK2(G2019S),LRRK2,LRRK2,6.055517327849832,5.823908740944319,0.23160858690551311,mut,25836,26767,val,wt_mut,near_cliff,0.5
Cc1ccc(F)c(NC(=O)Nc2ccc(-c3cccc4[nH]nc(N)c34)cc2)c1,RET(V804M),RET,RET,7.267606240177032,7.0,0.26760624017703183,mut,26262,26547,val,wt_mut,near_cliff,0.5
Cc1ccc(F)c(NC(=O)Nc2ccc(-c3cccc4[nH]nc(N)c34)cc2)c1,RET,RET(V804L),RET,7.0,6.013228265733755,0.9867717342662452,wt,26547,26737,val,wt_mut,cliff,1.0
CN1CCN(C(=O)c2cc3cc(Cl)ccc3[nH]2)CC1,KIT,KIT(D816H),KIT,8.443697499232712,7.318758762624412,1.1249387366083,wt,29165,27070,test,wt_mut,cliff,1.0
CN1CCN(C(=O)c2cc3cc(Cl)ccc3[nH]2)CC1,KIT,KIT(A829P),KIT,8.443697499232712,7.221848749616356,1.2218487496163561,wt,29165,27128,test,wt_mut,cliff,1.0
CN1CCN(C(=O)c2cc3cc(Cl)ccc3[nH]2)CC1,KIT,KIT(V559D),KIT,8.443697499232712,8.113509274827518,0.3301882244051946,wt,29165,29815,test,wt_mut,near_cliff,0.5
CN1CCN(C(=O)c2cc3cc(Cl)ccc3[nH]2)CC1,KIT,KIT(D816V),KIT,8.443697499232712,7.744727494896693,0.6989700043360196,wt,29165,30007,test,wt_mut,cliff,1.0
O=C(c1ccc(C=Cc2n[nH]c3ccccc23)cc1)N1CCNCC1,KIT(L576P),KIT,KIT,7.67778070526608,7.275724130399211,0.40205657486686874,mut,27094,28030,test,wt_mut,near_cliff,0.5
O=C(c1ccc(C=Cc2n[nH]c3ccccc23)cc1)N1CCNCC1,KIT,KIT(D816H),KIT,7.275724130399211,6.619788758288394,0.6559353721108172,wt,28030,27583,test,wt_mut,cliff,1.0
O=C(c1ccc(C=Cc2n[nH]c3ccccc23)cc1)N1CCNCC1,KIT(V559D),KIT,KIT,7.638272163982407,7.275724130399211,0.3625480335831961,mut,27718,28030,test,wt_mut,near_cliff,0.5
O=C(c1ccc(C=Cc2n[nH]c3ccccc23)cc1)N1CCNCC1,KIT,KIT(A829P),KIT,7.275724130399211,6.0655015487564325,1.2102225816427783,wt,28030,27734,test,wt_mut,cliff,1.0
O=C(c1ccc(C=Cc2n[nH]c3ccccc23)cc1)N1CCNCC1,KIT,KIT(D816V),KIT,7.275724130399211,6.795880017344075,0.47984411305513586,wt,28030,29121,test,wt_mut,near_cliff,0.5
Cc1ccc(-n2nc(C(C)(C)C)cc2NC(=O)Nc2ccc(OCCN3CCOCC3)c3ccccc23)cc1,ABL1,ABL1(F317L),ABL1,6.096910013008056,5.886056647693163,0.21085336531489318,wt,28008,27120,test,wt_mut,near_cliff,0.5
Cc1ccc(-n2nc(C(C)(C)C)cc2NC(=O)Nc2ccc(OCCN3CCOCC3)c3ccccc23)cc1,ABL1,ABL1(H396P),ABL1,6.096910013008056,5.481486060122113,0.6154239528859433,wt,28008,27985,test,wt_mut,cliff,1.0
Cc1ccc(-n2nc(C(C)(C)C)cc2NC(=O)Nc2ccc(OCCN3CCOCC3)c3ccccc23)cc1,ABL1,ABL1(E255K),ABL1,6.096910013008056,5.0,1.0969100130080562,wt,28008,28182,test,wt_mut,cliff,1.0
Cc1ccc(-n2nc(C(C)(C)C)cc2NC(=O)Nc2ccc(OCCN3CCOCC3)c3ccccc23)cc1,ABL1,ABL1(F317I),ABL1,6.096910013008056,5.309803919971486,0.7871060930365701,wt,28008,28302,test,wt_mut,cliff,1.0
Cc1ccc(-n2nc(C(C)(C)C)cc2NC(=O)Nc2ccc(OCCN3CCOCC3)c3ccccc23)cc1,ABL1(T315I),ABL1,ABL1,7.229147988357856,6.096910013008056,1.1322379753498,mut,28512,28008,test,wt_mut,cliff,1.0
Cc1ccc(-n2nc(C(C)(C)C)cc2NC(=O)Nc2ccc(OCCN3CCOCC3)c3ccccc23)cc1,ABL1,ABL1(M351T),ABL1,6.096910013008056,5.0,1.0969100130080562,wt,28008,28710,test,wt_mut,cliff,1.0
Cc1ccc(-n2nc(C(C)(C)C)cc2NC(=O)Nc2ccc(OCCN3CCOCC3)c3ccccc23)cc1,ABL1,ABL1(F317I)p,ABL1,6.096910013008056,5.0,1.0969100130080562,wt,28008,29033,test,wt_mut,cliff,1.0
Cc1ccc(-n2nc(C(C)(C)C)cc2NC(=O)Nc2ccc(OCCN3CCOCC3)c3ccccc23)cc1,ABL1,ABL1(Y253F),ABL1,6.096910013008056,5.070581074285707,1.026328938722349,wt,28008,29276,test,wt_mut,cliff,1.0
Cc1ccc(-n2nc(C(C)(C)C)cc2NC(=O)Nc2ccc(OCCN3CCOCC3)c3ccccc23)cc1,ABL1,ABL1(F317L)p,ABL1,6.096910013008056,5.0,1.0969100130080562,wt,28008,29485,test,wt_mut,cliff,1.0
Cc1ccc(-n2nc(C(C)(C)C)cc2NC(=O)Nc2ccc(OCCN3CCOCC3)c3ccccc23)cc1,ABL1,ABL1(Q252H)p,ABL1,6.096910013008056,5.0,1.0969100130080562,wt,28008,29726,test,wt_mut,cliff,1.0
Cc1ccc(-n2nc(C(C)(C)C)cc2NC(=O)Nc2ccc(OCCN3CCOCC3)c3ccccc23)cc1,ABL1,ABL1(H396P)p,ABL1,6.096910013008056,5.0,1.0969100130080562,wt,28008,29875,test,wt_mut,cliff,1.0
CNC(=O)c1cc(Oc2ccc(NC(=O)Nc3ccc(Cl)c(C(F)(F)F)c3)cc2)ccn1,ABL1,ABL1(H396P)p,ABL1,6.886056647693163,5.619788758288394,1.2662678894047694,wt,29686,27098,test,wt_mut,cliff,1.0
CNC(=O)c1cc(Oc2ccc(NC(=O)Nc3ccc(Cl)c(C(F)(F)F)c3)cc2)ccn1,ABL1,ABL1(F317I),ABL1,6.886056647693163,5.769551078621726,1.1165055690714372,wt,29686,27147,test,wt_mut,cliff,1.0
CNC(=O)c1cc(Oc2ccc(NC(=O)Nc3ccc(Cl)c(C(F)(F)F)c3)cc2)ccn1,ABL1,ABL1(F317L)p,ABL1,6.886056647693163,5.1487416512809245,1.7373149964122385,wt,29686,27310,test,wt_mut,cliff,1.0
CNC(=O)c1cc(Oc2ccc(NC(=O)Nc3ccc(Cl)c(C(F)(F)F)c3)cc2)ccn1,ABL1,ABL1(T315I)p,ABL1,6.886056647693163,5.823908740944319,1.0621479067488444,wt,29686,27351,test,wt_mut,cliff,1.0
CNC(=O)c1cc(Oc2ccc(NC(=O)Nc3ccc(Cl)c(C(F)(F)F)c3)cc2)ccn1,ABL1,ABL1(E255K),ABL1,6.886056647693163,5.468521082957745,1.4175355647354184,wt,29686,27476,test,wt_mut,cliff,1.0
CNC(=O)c1cc(Oc2ccc(NC(=O)Nc3ccc(Cl)c(C(F)(F)F)c3)cc2)ccn1,ABL1,ABL1(Y253F),ABL1,6.886056647693163,6.180456064458132,0.7056005832350314,wt,29686,27546,test,wt_mut,cliff,1.0
CNC(=O)c1cc(Oc2ccc(NC(=O)Nc3ccc(Cl)c(C(F)(F)F)c3)cc2)ccn1,ABL1,ABL1(H396P),ABL1,6.886056647693163,6.2839966563652006,0.6020599913279625,wt,29686,28532,test,wt_mut,cliff,1.0
CNC(=O)c1cc(Oc2ccc(NC(=O)Nc3ccc(Cl)c(C(F)(F)F)c3)cc2)ccn1,ABL1,ABL1(F317I)p,ABL1,6.886056647693163,5.309803919971486,1.576252727721677,wt,29686,28807,test,wt_mut,cliff,1.0
CNC(=O)c1cc(Oc2ccc(NC(=O)Nc3ccc(Cl)c(C(F)(F)F)c3)cc2)ccn1,ABL1,ABL1(Q252H)p,ABL1,6.886056647693163,5.259637310505756,1.6264193371874072,wt,29686,28847,test,wt_mut,cliff,1.0
CNC(=O)c1cc(Oc2ccc(NC(=O)Nc3ccc(Cl)c(C(F)(F)F)c3)cc2)ccn1,ABL1,ABL1(M351T),ABL1,6.886056647693163,5.920818753952375,0.9652378937407882,wt,29686,28887,test,wt_mut,cliff,1.0
CNC(=O)c1cc(Oc2ccc(NC(=O)Nc3ccc(Cl)c(C(F)(F)F)c3)cc2)ccn1,ABL1,ABL1(F317L),ABL1,6.886056647693163,6.113509274827518,0.7725473728656453,wt,29686,28912,test,wt_mut,cliff,1.0
CNC(=O)c1cc(Oc2ccc(NC(=O)Nc3ccc(Cl)c(C(F)(F)F)c3)cc2)ccn1,ABL1,ABL1(T315I),ABL1,6.886056647693163,6.229147988357856,0.6569086593353068,wt,29686,29625,test,wt_mut,cliff,1.0
CSc1cccc(Nc2ncc3cc(-c4c(Cl)cccc4Cl)c(=O)n(C)c3n2)c1,KIT,KIT(D816H),KIT,8.744727494896694,6.327902142064283,2.4168253528324106,wt,29397,27226,test,wt_mut,cliff,1.0
CSc1cccc(Nc2ncc3cc(-c4c(Cl)cccc4Cl)c(=O)n(C)c3n2)c1,KIT,KIT(A829P),KIT,8.744727494896694,7.229147988357856,1.5155795065388373,wt,29397,28207,test,wt_mut,cliff,1.0
CSc1cccc(Nc2ncc3cc(-c4c(Cl)cccc4Cl)c(=O)n(C)c3n2)c1,KIT,KIT(L576P),KIT,8.744727494896694,8.431798275933005,0.3129292189636885,wt,29397,28658,test,wt_mut,near_cliff,0.5
CSc1cccc(Nc2ncc3cc(-c4c(Cl)cccc4Cl)c(=O)n(C)c3n2)c1,KIT,KIT(D816V),KIT,8.744727494896694,7.455931955649724,1.2887955392469692,wt,29397,28791,test,wt_mut,cliff,1.0
CCN(CCO)CCCOc1ccc2c(Nc3cc(CC(=O)Nc4cccc(F)c4)[nH]n3)ncnc2c1,MET(Y1235D),MET,MET,5.2441251443275085,5.0,0.24412514432750854,mut,28107,27100,test,wt_mut,near_cliff,0.5
CCN1CCN(Cc2ccc(NC(=O)Nc3ccc(Oc4cc(NC)ncn4)cc3)cc2C(F)(F)F)CC1,EGFR,EGFR(L861Q),EGFR,6.2839966563652006,6.013228265733755,0.27076839063144575,wt,28129,27124,test,wt_mut,near_cliff,0.5
CCN1CCN(Cc2ccc(NC(=O)Nc3ccc(Oc4cc(NC)ncn4)cc3)cc2C(F)(F)F)CC1,EGFR,EGFR(T790M),EGFR,6.2839966563652006,5.6777807052660805,0.6062159510991201,wt,28129,27406,test,wt_mut,cliff,1.0
CCN1CCN(Cc2ccc(NC(=O)Nc3ccc(Oc4cc(NC)ncn4)cc3)cc2C(F)(F)F)CC1,EGFR(G719C),EGFR,EGFR,6.657577319177793,6.2839966563652006,0.37358066281259283,mut,27624,28129,test,wt_mut,near_cliff,0.5
CCN1CCN(Cc2ccc(NC(=O)Nc3ccc(Oc4cc(NC)ncn4)cc3)cc2C(F)(F)F)CC1,EGFR,EGFR(L858R),EGFR,6.2839966563652006,5.585026652029182,0.6989700043360187,wt,28129,30010,test,wt_mut,cliff,1.0
Cn1c(Nc2ccc(C(F)(F)F)cc2)nc2cc(Oc3ccnc(-c4ncc(C(F)(F)F)[nH]4)c3)ccc21,KIT,KIT(A829P),KIT,6.698970004336019,6.00436480540245,0.6946051989335684,wt,27988,27878,test,wt_mut,cliff,1.0
Cn1c(Nc2ccc(C(F)(F)F)cc2)nc2cc(Oc3ccnc(-c4ncc(C(F)(F)F)[nH]4)c3)ccc21,KIT(L576P),KIT,KIT,7.080921907623926,6.698970004336019,0.3819519032879075,mut,28093,27988,test,wt_mut,near_cliff,0.5
Cn1c(Nc2ccc(C(F)(F)F)cc2)nc2cc(Oc3ccnc(-c4ncc(C(F)(F)F)[nH]4)c3)ccc21,KIT,KIT(D816H),KIT,6.698970004336019,5.060480747381382,1.638489256954637,wt,27988,28325,test,wt_mut,cliff,1.0
Cn1c(Nc2ccc(C(F)(F)F)cc2)nc2cc(Oc3ccnc(-c4ncc(C(F)(F)F)[nH]4)c3)ccc21,KIT,KIT(D816V),KIT,6.698970004336019,5.2076083105017466,1.4913616938342722,wt,27988,29171,test,wt_mut,cliff,1.0
CC12OC(CC1(O)CO)n1c3ccccc3c3c4c(c5c6ccccc6n2c5c31)CNC4=O,RET(V804L),RET,RET,8.173925197299173,7.698970004336019,0.47495519296315436,mut,27155,28536,test,wt_mut,near_cliff,0.5
CC12OC(CC1(O)CO)n1c3ccccc3c3c4c(c5c6ccccc6n2c5c31)CNC4=O,RET(V804M),RET,RET,8.327902142064282,7.698970004336019,0.6289321377282633,mut,28262,28536,test,wt_mut,cliff,1.0
CCN(CC)CCNC(=O)c1c(C)[nH]c(C=C2C(=O)Nc3ccc(F)cc32)c1C,FLT3(K663Q),FLT3,FLT3,9.657577319177792,9.387216143280265,0.27036117589752706,mut,27661,28455,test,wt_mut,near_cliff,0.5
Cc1nc(Nc2ncc(C(=O)Nc3c(C)cccc3Cl)s2)cc(N2CCN(CCO)CC2)n1,ABL1,ABL1(T315I),ABL1,10.537602002101044,6.050609993355088,4.486992008745957,wt,29806,27231,test,wt_mut,cliff,1.0
Cc1nc(Nc2ncc(C(=O)Nc3c(C)cccc3Cl)s2)cc(N2CCN(CCO)CC2)n1,ABL1,ABL1(T315I)p,ABL1,10.537602002101044,6.920818753952375,3.6167832481486695,wt,29806,27291,test,wt_mut,cliff,1.0
Cc1nc(Nc2ncc(C(=O)Nc3c(C)cccc3Cl)s2)cc(N2CCN(CCO)CC2)n1,ABL1,ABL1(E255K),ABL1,10.537602002101044,10.327902142064282,0.20969986003676233,wt,29806,27700,test,wt_mut,near_cliff,0.5
Cc1nc(Nc2ncc(C(=O)Nc3c(C)cccc3Cl)s2)cc(N2CCN(CCO)CC2)n1,ABL1,ABL1(Y253F),ABL1,10.537602002101044,10.236572006437065,0.3010299956639795,wt,29806,27964,test,wt_mut,near_cliff,0.5
Cc1nc(Nc2ncc(C(=O)Nc3c(C)cccc3Cl)s2)cc(N2CCN(CCO)CC2)n1,ABL1,ABL1(F317I),ABL1,10.537602002101044,10.0,0.5376020021010444,wt,29806,28245,test,wt_mut,cliff,1.0
Cc1nc(Nc2ncc(C(=O)Nc3c(C)cccc3Cl)s2)cc(N2CCN(CCO)CC2)n1,ABL1,ABL1(H396P)p,ABL1,10.537602002101044,10.337242168318426,0.20035983378261868,wt,29806,29039,test,wt_mut,near_cliff,0.5
Cc1nc(Nc2ncc(C(=O)Nc3c(C)cccc3Cl)s2)cc(N2CCN(CCO)CC2)n1,ABL1,ABL1(Q252H)p,ABL1,10.537602002101044,10.193820026016112,0.3437819760849319,wt,29806,29204,test,wt_mut,near_cliff,0.5
Cc1nc(Nc2ncc(C(=O)Nc3c(C)cccc3Cl)s2)cc(N2CCN(CCO)CC2)n1,ABL1(M351T),ABL1,ABL1,10.795880017344077,10.537602002101044,0.2582780152430324,mut,29809,29806,test,wt_mut,near_cliff,0.5
C=CC(=O)Nc1cc2c(Nc3ccc(F)c(Cl)c3)ncnc2cc1OCCCN1CCOCC1,RET,RET(V804L),RET,5.376750709602099,5.0,0.3767507096020992,wt,27255,28359,test,wt_mut,near_cliff,0.5
C=CC(=O)Nc1cc2c(Nc3ccc(F)c(Cl)c3)ncnc2cc1OCCCN1CCOCC1,RET,RET(V804M),RET,5.376750709602099,5.0,0.3767507096020992,wt,27255,29465,test,wt_mut,near_cliff,0.5
C=CC(=O)Nc1cc2c(Nc3ccc(F)c(Cl)c3)ncnc2cc1OCCCN1CCOCC1,RET(M918T),RET,RET,6.075720713938118,5.376750709602099,0.6989700043360187,mut,29585,27255,test,wt_mut,cliff,1.0
CN1CCN(C(=O)c2cc3cc(Cl)ccc3[nH]2)CC1,ABL1(M351T),ABL1,ABL1,6.638272163982407,6.173925197299173,0.46434696668323383,mut,27275,29075,test,wt_mut,near_cliff,0.5
CN1CCN(C(=O)c2cc3cc(Cl)ccc3[nH]2)CC1,ABL1(Q252H)p,ABL1,ABL1,6.638272163982407,6.173925197299173,0.46434696668323383,mut,28141,29075,test,wt_mut,near_cliff,0.5
CN1CCN(C(=O)c2cc3cc(Cl)ccc3[nH]2)CC1,ABL1(E255K),ABL1,ABL1,6.431798275933005,6.173925197299173,0.2578730786338319,mut,28203,29075,test,wt_mut,near_cliff,0.5
CN1CCN(C(=O)c2cc3cc(Cl)ccc3[nH]2)CC1,ABL1,ABL1(F317L)p,ABL1,6.173925197299173,5.920818753952375,0.2531064433467982,wt,29075,28461,test,wt_mut,near_cliff,0.5
CN1CCN(C(=O)c2cc3cc(Cl)ccc3[nH]2)CC1,ABL1(T315I)p,ABL1,ABL1,6.7447274948966935,6.173925197299173,0.5708022975975204,mut,28899,29075,test,wt_mut,cliff,1.0
CN1CCN(C(=O)c2cc3cc(Cl)ccc3[nH]2)CC1,ABL1(H396P),ABL1,ABL1,6.552841968657781,6.173925197299173,0.37891677135860746,mut,28968,29075,test,wt_mut,near_cliff,0.5
CN1CCN(C(=O)c2cc3cc(Cl)ccc3[nH]2)CC1,ABL1,ABL1(F317L),ABL1,6.173925197299173,5.6020599913279625,0.5718652059712106,wt,29075,29051,test,wt_mut,cliff,1.0
CN1CCN(C(=O)c2cc3cc(Cl)ccc3[nH]2)CC1,ABL1(Y253F),ABL1,ABL1,6.455931955649724,6.173925197299173,0.2820067583505512,mut,29506,29075,test,wt_mut,near_cliff,0.5
CN1CCN(C(=O)c2cc3cc(Cl)ccc3[nH]2)CC1,ABL1,ABL1(F317I)p,ABL1,6.173925197299173,5.346787486224656,0.8271377110745171,wt,29075,29638,test,wt_mut,cliff,1.0
CN1CCN(C(=O)c2cc3cc(Cl)ccc3[nH]2)CC1,ABL1(Q252H),ABL1,ABL1,6.468521082957745,6.173925197299173,0.29459588565857153,mut,29834,29075,test,wt_mut,near_cliff,0.5
CN1CCN(C(=O)c2cc3cc(Cl)ccc3[nH]2)CC1,ABL1,ABL1(F317I),ABL1,6.173925197299173,5.0655015487564325,1.1084236485427406,wt,29075,30022,test,wt_mut,cliff,1.0
O=C(c1ccc(C=Cc2n[nH]c3ccccc23)cc1)N1CCNCC1,ABL1(Q252H)p,ABL1,ABL1,7.657577319177793,7.200659450546419,0.4569178686313746,mut,27343,27837,test,wt_mut,near_cliff,0.5
O=C(c1ccc(C=Cc2n[nH]c3ccccc23)cc1)N1CCNCC1,ABL1,ABL1(F317I)p,ABL1,7.200659450546419,6.275724130399211,0.9249353201472079,wt,27837,27360,test,wt_mut,cliff,1.0
O=C(c1ccc(C=Cc2n[nH]c3ccccc23)cc1)N1CCNCC1,ABL1(T315I),ABL1,ABL1,7.920818753952375,7.200659450546419,0.7201593034059561,mut,27425,27837,test,wt_mut,cliff,1.0
O=C(c1ccc(C=Cc2n[nH]c3ccccc23)cc1)N1CCNCC1,ABL1(M351T),ABL1,ABL1,7.721246399047171,7.200659450546419,0.5205869485007524,mut,27623,27837,test,wt_mut,cliff,1.0
O=C(c1ccc(C=Cc2n[nH]c3ccccc23)cc1)N1CCNCC1,ABL1(E255K),ABL1,ABL1,7.443697499232713,7.200659450546419,0.24303804868629442,mut,27848,27837,test,wt_mut,near_cliff,0.5
O=C(c1ccc(C=Cc2n[nH]c3ccccc23)cc1)N1CCNCC1,ABL1(H396P),ABL1,ABL1,7.769551078621726,7.200659450546419,0.5688916280753071,mut,27928,27837,test,wt_mut,cliff,1.0
O=C(c1ccc(C=Cc2n[nH]c3ccccc23)cc1)N1CCNCC1,ABL1,ABL1(F317L),ABL1,7.200659450546419,6.443697499232713,0.7569619513137056,wt,27837,28286,test,wt_mut,cliff,1.0
O=C(c1ccc(C=Cc2n[nH]c3ccccc23)cc1)N1CCNCC1,ABL1(T315I)p,ABL1,ABL1,8.229147988357855,7.200659450546419,1.0284885378114366,mut,28955,27837,test,wt_mut,cliff,1.0
O=C(c1ccc(C=Cc2n[nH]c3ccccc23)cc1)N1CCNCC1,ABL1(H396P)p,ABL1,ABL1,7.619788758288394,7.200659450546419,0.4191293077419749,mut,29117,27837,test,wt_mut,near_cliff,0.5
O=C(c1ccc(C=Cc2n[nH]c3ccccc23)cc1)N1CCNCC1,ABL1(Y253F),ABL1,ABL1,7.443697499232713,7.200659450546419,0.24303804868629442,mut,29180,27837,test,wt_mut,near_cliff,0.5
O=C(c1ccc(C=Cc2n[nH]c3ccccc23)cc1)N1CCNCC1,ABL1,ABL1(F317I),ABL1,7.200659450546419,5.795880017344075,1.4047794332023438,wt,27837,29896,test,wt_mut,cliff,1.0
COc1cc2c(Nc3ccc(Br)cc3F)ncnc2cc1OCC1CCN(C)CC1,KIT,KIT(D816H),KIT,6.585026652029182,6.376750709602099,0.20827594242708258,wt,27856,27369,test,wt_mut,near_cliff,0.5
COc1cc2c(Nc3ccc(Br)cc3F)ncnc2cc1OCC1CCN(C)CC1,KIT(L576P),KIT,KIT,6.853871964321762,6.585026652029182,0.26884531229258,mut,29010,27856,test,wt_mut,near_cliff,0.5
COc1cc2c(Nc3ccc(Br)cc3F)ncnc2cc1OCC1CCN(C)CC1,KIT(A829P),KIT,KIT,7.468521082957745,6.585026652029182,0.8834944309285628,mut,29429,27856,test,wt_mut,cliff,1.0
Cn1cc(-c2ccc3nnc(Sc4ccc5ncccc5c4)n3n2)cn1,MET,MET(Y1235D),MET,9.721246399047171,8.4089353929735,1.3123110060736707,wt,27577,29473,test,wt_mut,cliff,1.0
Oc1cccc(-c2nc(N3CCOCC3)c3oc4ncccc4c3n2)c1,FLT3,FLT3(K663Q),FLT3,5.6020599913279625,5.0,0.6020599913279625,wt,27982,28321,test,wt_mut,cliff,1.0
Cc1ccc(-n2nc(C(C)(C)C)cc2NC(=O)Nc2ccc(OCCN3CCOCC3)c3ccccc23)cc1,RET,RET(V804L),RET,6.301029995663981,5.0,1.3010299956639813,wt,28386,27787,test,wt_mut,cliff,1.0
Cc1ccc(-n2nc(C(C)(C)C)cc2NC(=O)Nc2ccc(OCCN3CCOCC3)c3ccccc23)cc1,RET(M918T),RET,RET,6.619788758288394,6.301029995663981,0.3187587626244124,mut,27967,28386,test,wt_mut,near_cliff,0.5
Cc1ccc(-n2nc(C(C)(C)C)cc2NC(=O)Nc2ccc(OCCN3CCOCC3)c3ccccc23)cc1,RET,RET(V804M),RET,6.301029995663981,5.0,1.3010299956639813,wt,28386,30001,test,wt_mut,cliff,1.0
COc1cc(Nc2ncc(F)c(Nc3ccc4c(n3)NC(=O)C(C)(C)O4)n2)cc(OC)c1OC.O=S(=O)(O)c1ccccc1,RET(V804L),RET,RET,8.657577319177793,8.387216143280265,0.27036117589752884,mut,28943,29055,test,wt_mut,near_cliff,0.5
CC1CCN(C(=O)CC#N)CC1N(C)c1ncnc2[nH]ccc12,RET(M918T),RET,RET,5.481486060122113,5.0,0.4814860601221129,mut,29981,28212,test,wt_mut,near_cliff,0.5
C=CC(=O)Nc1cc2c(Nc3ccc(F)c(Cl)c3)ncnc2cc1OCCCN1CCOCC1,LRRK2,LRRK2(G2019S),LRRK2,6.301029995663981,5.958607314841775,0.3424226808222066,wt,29148,28364,test,wt_mut,near_cliff,0.5
